0,590759	1,543570	8,183115	10,702499	13,585558	16,026787	20,072983	25,128807	39,727890	48,662270	
0,481920	0,616730	8,157145	8,183115	8,183115	9,311188	10,702499	24,497618	25,128807	25,559727	
0,481920	0,616730	8,157145	8,183115	8,183115	9,311188	10,702499	24,497618	25,128807	25,559727	
0,582268	0,616730	0,616730	0,877658	4,963885	8,629299	9,210839	9,311188	25,128807	28,778957	
0,582268	0,616730	0,616730	0,877658	4,963885	8,629299	9,210839	9,311188	25,128807	28,778957	
0,507891	0,616730	4,963885	4,963885	5,038263	8,183115	8,510450	9,210839	21,146164	21,212570	
0,507891	0,616730	4,963885	4,963885	5,038263	8,183115	8,510450	9,210839	21,146164	21,212570	
0,507891	1,853830	1,940439	2,487680	4,963885	4,963885	11,556576	12,738802	21,146164	21,146164	
0,507891	1,853830	1,940439	2,487680	4,963885	4,963885	11,556576	12,738802	21,146164	21,146164	
1,380466	1,969827	2,487680	4,963885	4,963885	7,786518	18,574221	19,331493	22,571337	24,634584	
1,380466	1,969827	2,487680	4,963885	4,963885	7,786518	18,574221	19,331493	22,571337	24,634584	
1,380466	1,895449	1,969827	4,963885	5,038263	7,860895	9,670366	10,125793	11,630954	24,560207	
1,380466	1,895449	1,969827	4,963885	5,038263	7,860895	9,670366	10,125793	11,630954	24,560207	
0,772366	1,895449	1,895449	1,969827	1,969827	4,966600	7,797264	7,860895	14,448086	29,196905	
0,772366	1,895449	1,895449	1,969827	1,969827	4,966600	7,797264	7,860895	14,448086	29,196905	
0,772366	0,792343	1,238477	1,969827	1,969827	1,969827	7,860895	18,446840	19,579329	26,128468	
0,772366	0,792343	1,238477	1,969827	1,969827	1,969827	7,860895	18,446840	19,579329	26,128468	
0,772366	0,792343	1,969827	1,969827	1,969827	1,969827	1,969827	7,613119	7,860895	13,403563	
0,772366	0,792343	1,969827	1,969827	1,969827	1,969827	1,969827	7,613119	7,860895	13,403563	
0,465713	0,772366	0,792343	1,969827	1,969827	1,969827	5,796492	7,613119	13,836158	24,428341	
0,465713	0,772366	0,792343	1,969827	1,969827	1,969827	5,796492	7,613119	13,836158	24,428341	
0,465713	0,465713	0,772366	0,772366	0,772366	0,792343	1,969827	1,969827	1,969827	24,428341	
0,465713	0,465713	0,772366	0,772366	0,772366	0,792343	1,969827	1,969827	1,969827	24,428341	
0,465713	0,465713	0,465713	0,772366	0,772366	0,772366	0,772366	1,969827	3,269638	3,494327	
0,465713	0,465713	0,465713	0,772366	0,772366	0,772366	0,772366	1,969827	3,269638	3,494327	
0,465713	0,465713	0,772366	0,772366	1,922869	1,969827	3,494327	14,906997	15,581979	18,596092	
0,465713	0,465713	0,772366	0,772366	1,922869	1,969827	3,494327	14,906997	15,581979	18,596092	
0,465713	0,465713	0,636527	0,914186	3,303652	3,494327	4,614060	7,048328	15,581979	15,692105	
0,465713	0,465713	0,636527	0,914186	3,303652	3,494327	4,614060	7,048328	15,581979	15,692105	
0,145367	0,465713	3,494327	3,494327	3,494327	7,048328	12,274709	15,581979	15,581979	15,692105	
0,145367	0,465713	3,494327	3,494327	3,494327	7,048328	12,274709	15,581979	15,581979	15,692105	
0,145367	0,465713	0,914186	3,494327	3,494327	3,494327	6,583993	7,048328	11,505890	15,581979	
0,145367	0,465713	0,914186	3,494327	3,494327	3,494327	6,583993	7,048328	11,505890	15,581979	
0,145367	0,890183	0,914186	3,494327	3,494327	5,719838	6,583993	6,583993	15,581979	15,679115	
0,145367	0,890183	0,914186	3,494327	3,494327	5,719838	6,583993	6,583993	15,581979	15,679115	
0,145367	3,494327	3,494327	3,494327	5,719838	6,583993	6,583993	7,591860	19,730602	22,632854	
0,145367	3,494327	3,494327	3,494327	5,719838	6,583993	6,583993	7,591860	19,730602	22,632854	
0,145367	3,494327	3,582436	6,398772	6,583993	6,583993	8,220240	10,440970	21,983482	22,241848	
0,145367	3,494327	3,582436	6,398772	6,583993	6,583993	8,220240	10,440970	21,983482	22,241848	
0,145367	3,426847	4,173262	5,807946	9,145119	9,383507	15,735155	19,748514	22,241848	22,241848	
0,145367	3,426847	4,173262	5,807946	9,145119	9,383507	15,735155	19,748514	22,241848	22,241848	
0,827724	1,254381	4,173262	5,807946	7,157997	9,383507	10,146640	15,735155	22,241848	24,785534	
0,827724	1,254381	4,173262	5,807946	7,157997	9,383507	10,146640	15,735155	22,241848	24,785534	
0,827724	0,827724	0,920834	4,173262	4,239117	6,398772	7,157997	7,227454	23,501610	24,785534	
0,827724	0,827724	0,920834	4,173262	4,239117	6,398772	7,157997	7,227454	23,501610	24,785534	
0,827724	0,827724	0,831052	3,462461	4,173262	7,157997	21,866653	23,332581	23,501610	26,420490	
0,827724	0,827724	0,831052	3,462461	4,173262	7,157997	21,866653	23,332581	23,501610	26,420490	
0,827724	0,827724	0,827724	0,827724	4,173262	4,239117	6,629176	9,897249	24,111168	26,420490	
0,827724	0,827724	0,827724	0,827724	4,173262	4,239117	6,629176	9,897249	24,111168	26,420490	
0,827724	0,827724	0,827724	0,827724	0,827724	0,827724	0,827724	1,637997	4,173262	23,074953	
0,827724	0,827724	0,827724	0,827724	0,827724	0,827724	0,827724	1,637997	4,173262	23,074953	
0,827724	0,827724	0,827724	0,827724	2,418158	8,799343	10,138226	23,074953	23,677809	24,893112	
0,827724	0,827724	0,827724	0,827724	2,418158	8,799343	10,138226	23,074953	23,677809	24,893112	
0,827724	0,827724	0,827724	0,827724	3,945316	5,180795	8,530701	8,799343	24,609592	24,893112	
0,827724	0,827724	0,827724	0,827724	3,945316	5,180795	8,530701	8,799343	24,609592	24,893112	
0,559082	0,827724	0,827724	0,827724	0,827724	0,827724	0,844852	8,530701	8,799343	19,792196	
0,559082	0,827724	0,827724	0,827724	0,827724	0,827724	0,844852	8,530701	8,799343	19,792196	
0,827724	0,827724	0,827724	0,827724	0,827724	0,827724	0,827724	0,844852	10,680136	29,976418	
0,827724	0,827724	0,827724	0,827724	0,827724	0,827724	0,827724	0,844852	10,680136	29,976418	
0,827724	0,827724	0,827724	0,827724	0,827724	0,827724	0,827724	0,827724	0,844852	4,357773	
0,827724	0,827724	0,827724	0,827724	0,827724	0,827724	0,827724	0,827724	0,844852	4,357773	
0,827724	0,827724	0,827724	0,827724	0,827724	0,827724	2,557530	3,123385	3,540937	9,540692	
0,827724	0,827724	0,827724	0,827724	0,827724	0,827724	2,557530	3,123385	3,540937	9,540692	
0,788188	0,827724	0,827724	0,827724	0,827724	0,827724	2,557530	2,557530	5,137342	18,980526	
0,788188	0,827724	0,827724	0,827724	0,827724	0,827724	2,557530	2,557530	5,137342	18,980526	
0,220144	0,788188	0,827724	0,827724	0,827724	0,827724	0,827724	2,557530	3,350606	20,882938	
0,220144	0,788188	0,827724	0,827724	0,827724	0,827724	0,827724	2,557530	3,350606	20,882938	
0,220144	0,827724	0,827724	0,827724	2,557530	3,350606	7,783632	14,847794	20,882938	21,227749	
0,220144	0,827724	0,827724	0,827724	2,557530	3,350606	7,783632	14,847794	20,882938	21,227749	
0,827724	0,827724	0,827724	0,827724	0,827724	0,827724	2,104483	3,350606	7,783632	10,579269	
0,827724	0,827724	0,827724	0,827724	0,827724	0,827724	2,104483	3,350606	7,783632	10,579269	
0,827724	0,827724	0,827724	0,827724	0,888722	2,557530	2,897558	6,018930	9,778687	18,848040	
0,827724	0,827724	0,827724	0,827724	0,888722	2,557530	2,897558	6,018930	9,778687	18,848040	
0,827724	0,827724	0,827724	0,827724	0,827724	2,104483	2,557530	3,350606	6,491021	17,118235	
0,827724	0,827724	0,827724	0,827724	0,827724	2,104483	2,557530	3,350606	6,491021	17,118235	
0,827724	0,827724	0,827724	0,827724	2,104483	2,599327	3,350606	4,556468	19,181986	24,210014	
0,827724	0,827724	0,827724	0,827724	2,104483	2,599327	3,350606	4,556468	19,181986	24,210014	
0,827724	0,827724	0,827724	0,827724	0,827724	2,104483	4,556468	4,556468	13,800106	18,700026	
0,827724	0,827724	0,827724	0,827724	0,827724	2,104483	4,556468	4,556468	13,800106	18,700026	
0,827724	0,827724	0,827724	2,104483	4,107850	8,126321	8,444680	8,771321	12,478885	25,216225	
0,827724	0,827724	0,827724	2,104483	4,107850	8,126321	8,444680	8,771321	12,478885	25,216225	
0,827724	0,827724	0,827724	0,827724	2,104483	3,865082	6,890696	25,216225	25,756542	29,935553	
0,827724	0,827724	0,827724	0,827724	2,104483	3,865082	6,890696	25,216225	25,756542	29,935553	
0,374677	0,827724	0,827724	0,827724	2,557530	3,865082	13,877401	19,828896	25,216225	25,756542	
0,374677	0,827724	0,827724	0,827724	2,557530	3,865082	13,877401	19,828896	25,216225	25,756542	
0,827724	0,827724	0,827724	3,865082	3,865082	13,431199	13,877401	16,854162	24,586512	46,268417	
0,827724	0,827724	0,827724	3,865082	3,865082	13,431199	13,877401	16,854162	24,586512	46,268417	
0,571141	0,827724	0,827724	0,827724	3,865082	13,440536	13,877401	16,854162	20,893394	25,792454	
0,571141	0,827724	0,827724	0,827724	3,865082	13,440536	13,877401	16,854162	20,893394	25,792454	
0,390858	0,390858	0,571141	0,571141	0,827724	9,980883	13,877401	22,443920	25,792454	26,301529	
0,390858	0,390858	0,571141	0,571141	0,827724	9,980883	13,877401	22,443920	25,792454	26,301529	
0,390858	0,390858	0,390858	0,390858	0,571141	0,827724	2,033667	5,653055	26,301529	37,636189	
0,390858	0,390858	0,390858	0,390858	0,571141	0,827724	2,033667	5,653055	26,301529	37,636189	
0,390858	0,390858	0,571141	0,827724	0,920956	2,273097	3,496002	5,653055	5,653055	21,652035	
0,390858	0,390858	0,571141	0,827724	0,920956	2,273097	3,496002	5,653055	5,653055	21,652035	
0,390858	0,390858	0,390858	0,571141	0,571141	0,827724	2,273097	3,085170	25,410675	27,171751	
0,390858	0,390858	0,390858	0,571141	0,571141	0,827724	2,273097	3,085170	25,410675	27,171751	
0,390858	0,390858	0,390858	0,390858	0,571141	0,827724	2,273097	2,273097	17,593359	25,410675	
0,390858	0,390858	0,390858	0,390858	0,571141	0,827724	2,273097	2,273097	17,593359	25,410675	
0,390858	0,390858	0,390858	0,390858	0,827724	2,273097	3,186076	4,505373	5,917589	25,410675	
0,390858	0,390858	0,390858	0,390858	0,827724	2,273097	3,186076	4,505373	5,917589	25,410675	
0,220445	0,255610	0,354982	0,390858	0,390858	0,390858	0,827724	5,917589	25,410675	27,748440	
0,220445	0,255610	0,354982	0,390858	0,390858	0,390858	0,827724	5,917589	25,410675	27,748440	
0,354982	0,354982	0,354982	0,390858	0,827724	1,277472	1,979535	2,408119	5,917589	8,013387	
0,354982	0,354982	0,354982	0,390858	0,827724	1,277472	1,979535	2,408119	5,917589	8,013387	
0,354982	0,354982	0,390858	0,827724	1,979535	5,917589	5,917589	8,013387	8,013387	17,944185	
0,354982	0,354982	0,390858	0,827724	1,979535	5,917589	5,917589	8,013387	8,013387	17,944185	
0,354982	0,354982	1,237964	1,979535	5,917589	8,013387	8,013387	8,963569	21,278059	22,178387	
0,354982	0,354982	1,237964	1,979535	5,917589	8,013387	8,013387	8,963569	21,278059	22,178387	
0,354982	0,354982	0,827724	1,168753	1,979535	5,917589	5,917589	8,013387	25,378056	28,463722	
0,354982	0,354982	0,827724	1,168753	1,979535	5,917589	5,917589	8,013387	25,378056	28,463722	
0,354982	0,390858	0,390858	1,979535	2,416401	5,917589	6,354455	14,839428	22,680073	26,818008	
0,354982	0,390858	0,390858	1,979535	2,416401	5,917589	6,354455	14,839428	22,680073	26,818008	
0,390858	0,791848	1,979535	2,416401	5,917589	9,278248	15,427484	22,680073	22,680073	26,818008	
0,390858	0,791848	1,979535	2,416401	5,917589	9,278248	15,427484	22,680073	22,680073	26,818008	
0,354982	0,390858	0,827724	1,979535	1,979535	2,416401	9,215423	9,541637	15,427484	22,680073	
0,354982	0,390858	0,827724	1,979535	1,979535	2,416401	9,215423	9,541637	15,427484	22,680073	
0,354982	0,354982	0,390858	0,827724	1,979535	1,979535	2,621814	13,100531	22,680073	24,871603	
0,354982	0,354982	0,390858	0,827724	1,979535	1,979535	2,621814	13,100531	22,680073	24,871603	
0,354982	0,390858	0,827724	1,979535	1,979535	2,416401	18,008638	22,680073	22,680073	23,282927	
0,354982	0,390858	0,827724	1,979535	1,979535	2,416401	18,008638	22,680073	22,680073	23,282927	
0,354982	0,827724	0,950962	1,979535	1,979535	2,416401	18,008638	22,680073	23,282927	24,871603	
0,354982	0,827724	0,950962	1,979535	1,979535	2,416401	18,008638	22,680073	23,282927	24,871603	
0,390858	0,421224	0,827724	1,979535	1,979535	1,979535	2,416401	8,570606	23,843029	24,871603	
0,390858	0,421224	0,827724	1,979535	1,979535	1,979535	2,416401	8,570606	23,843029	24,871603	
0,390858	0,390858	1,186167	1,979535	1,979535	1,979535	1,979535	2,416401	2,416401	23,282927	
0,390858	0,390858	1,186167	1,979535	1,979535	1,979535	1,979535	2,416401	2,416401	23,282927	
0,247383	0,390858	0,390858	0,390858	0,631734	1,186167	1,186167	1,979535	7,332591	23,282927	
0,247383	0,390858	0,390858	0,390858	0,631734	1,186167	1,186167	1,979535	7,332591	23,282927	
0,247383	0,390858	0,390858	0,631734	0,631734	0,631734	1,186167	7,135632	7,332591	25,231808	
0,247383	0,390858	0,390858	0,631734	0,631734	0,631734	1,186167	7,135632	7,332591	25,231808	
0,631734	0,631734	0,631734	0,631734	0,631734	1,186167	1,186167	6,122834	13,045638	23,600311	
0,631734	0,631734	0,631734	0,631734	0,631734	1,186167	1,186167	6,122834	13,045638	23,600311	
0,379798	0,390858	0,497528	0,631734	0,631734	0,631734	0,631734	1,186167	6,363710	10,998493	
0,379798	0,390858	0,497528	0,631734	0,631734	0,631734	0,631734	1,186167	6,363710	10,998493	
0,379798	0,379798	0,379798	0,497528	0,497528	0,497528	0,631734	1,140270	3,418721	10,998493	
0,379798	0,379798	0,379798	0,497528	0,497528	0,497528	0,631734	1,140270	3,418721	10,998493	
0,497528	0,631734	0,631734	0,631734	1,140270	1,327377	9,661922	9,937929	10,998493	13,597046	
0,497528	0,631734	0,631734	0,631734	1,140270	1,327377	9,661922	9,937929	10,998493	13,597046	
0,631734	0,631734	0,631734	0,974401	1,140270	1,327377	9,661922	10,998493	14,080688	19,709469	
0,631734	0,631734	0,631734	0,974401	1,140270	1,327377	9,661922	10,998493	14,080688	19,709469	
0,631734	0,631734	0,631734	1,140270	1,140270	1,327377	1,482936	1,845398	9,661922	9,661922	
0,631734	0,631734	0,631734	1,140270	1,140270	1,327377	1,482936	1,845398	9,661922	9,661922	
0,631734	0,631734	1,140270	1,140270	1,140270	1,487915	3,656892	5,328896	15,224414	16,965855	
0,631734	0,631734	1,140270	1,140270	1,140270	1,487915	3,656892	5,328896	15,224414	16,965855	
0,631734	0,631734	0,631734	1,487915	3,656892	4,165427	5,133982	12,528742	15,224414	21,247480	
0,631734	0,631734	0,631734	1,487915	3,656892	4,165427	5,133982	12,528742	15,224414	21,247480	
0,631734	0,631734	0,631734	0,631734	0,631734	0,631734	4,088919	5,133982	21,247480	33,753357	
0,631734	0,631734	0,631734	0,631734	0,631734	0,631734	4,088919	5,133982	21,247480	33,753357	
0,631734	0,631734	0,631734	0,631734	0,631734	2,857055	3,412010	9,777621	21,066620	33,753357	
0,631734	0,631734	0,631734	0,631734	0,631734	2,857055	3,412010	9,777621	21,066620	33,753357	
0,631734	0,631734	0,631734	0,631734	0,631734	0,631734	4,433071	13,070906	26,334139	33,753357	
0,631734	0,631734	0,631734	0,631734	0,631734	0,631734	4,433071	13,070906	26,334139	33,753357	
0,631734	0,631734	0,631734	0,631734	0,631734	6,671480	21,875366	24,862885	26,334139	33,753357	
0,631734	0,631734	0,631734	0,631734	0,631734	6,671480	21,875366	24,862885	26,334139	33,753357	
0,631734	0,631734	0,631734	0,631734	0,631734	8,253925	15,015580	21,875366	26,334139	41,761806	
0,631734	0,631734	0,631734	0,631734	0,631734	8,253925	15,015580	21,875366	26,334139	41,761806	
0,631734	0,631734	0,631734	0,631734	0,631734	0,631734	0,631734	8,253925	13,172699	23,036358	
0,631734	0,631734	0,631734	0,631734	0,631734	0,631734	0,631734	8,253925	13,172699	23,036358	
0,631734	0,631734	0,631734	0,631734	2,214180	3,871253	7,463652	10,745447	16,281498	25,401159	
0,631734	0,631734	0,631734	0,631734	2,214180	3,871253	7,463652	10,745447	16,281498	25,401159	
0,631734	0,631734	0,631734	0,631734	0,631734	4,705702	6,671480	20,238409	21,440905	23,443359	
0,631734	0,631734	0,631734	0,631734	0,631734	4,705702	6,671480	20,238409	21,440905	23,443359	
0,631734	0,631734	1,642704	6,671480	9,612638	20,238409	21,440905	23,135687	23,443359	27,480652	
0,631734	0,631734	1,642704	6,671480	9,612638	20,238409	21,440905	23,135687	23,443359	27,480652	
0,631734	0,733855	1,642704	8,368556	15,927658	17,052607	18,188446	20,238409	22,347429	27,480652	
0,631734	0,733855	1,642704	8,368556	15,927658	17,052607	18,188446	20,238409	22,347429	27,480652	
0,631734	1,642704	1,642704	1,642704	8,368556	10,094759	18,188446	18,877590	21,068033	21,508249	
0,631734	1,642704	1,642704	1,642704	8,368556	10,094759	18,188446	18,877590	21,068033	21,508249	
0,631734	1,642704	8,368556	8,399982	12,448710	18,188446	21,068033	21,508249	21,508249	29,167969	
0,631734	1,642704	8,368556	8,399982	12,448710	18,188446	21,068033	21,508249	21,508249	29,167969	
8,368556	8,399982	8,399982	8,399982	10,344587	11,791836	18,188446	19,720200	21,508249	29,521740	
8,368556	8,399982	8,399982	8,399982	10,344587	11,791836	18,188446	19,720200	21,508249	29,521740	
0,631734	8,399982	8,399982	11,791836	18,188446	20,539843	27,457024	29,521740	29,521740	49,867931	
0,631734	8,399982	8,399982	11,791836	18,188446	20,539843	27,457024	29,521740	29,521740	49,867931	
2,468050	8,368556	8,399982	11,791836	14,420965	19,720200	21,200195	27,457024	27,457024	34,334919	
2,468050	8,368556	8,399982	11,791836	14,420965	19,720200	21,200195	27,457024	27,457024	34,334919	
5,891329	7,639985	8,368556	8,368556	8,368556	8,368556	8,399982	17,844244	19,720200	34,334919	
5,891329	7,639985	8,368556	8,368556	8,368556	8,368556	8,399982	17,844244	19,720200	34,334919	
5,891329	7,639985	8,033248	8,368556	8,368556	17,116564	17,850088	24,124815	25,054996	25,586910	
5,891329	7,639985	8,033248	8,368556	8,368556	17,116564	17,850088	24,124815	25,054996	25,586910	
0,631734	8,033248	8,368556	8,368556	8,368556	17,116564	17,850088	24,124815	25,586910	25,586910	
0,631734	8,033248	8,368556	8,368556	8,368556	17,116564	17,850088	24,124815	25,586910	25,586910	
8,033248	8,458854	8,638925	11,051317	11,874555	15,889565	16,828009	17,850088	19,114611	25,586910	
8,033248	8,458854	8,638925	11,051317	11,874555	15,889565	16,828009	17,850088	19,114611	25,586910	
0,631734	8,638925	8,638925	11,874555	16,375748	17,433578	18,129881	22,315619	34,046364	42,832870	
0,631734	8,638925	8,638925	11,874555	16,375748	17,433578	18,129881	22,315619	34,046364	42,832870	
0,440558	0,738310	3,906449	5,722294	8,638925	16,375748	16,375748	17,277203	22,839935	28,796158	
0,440558	0,738310	3,906449	5,722294	8,638925	16,375748	16,375748	17,277203	22,839935	28,796158	
0,440558	0,738310	0,738310	3,906449	3,937047	5,722294	11,982111	16,341383	25,904850	28,796158	
0,440558	0,738310	0,738310	3,906449	3,937047	5,722294	11,982111	16,341383	25,904850	28,796158	
0,738310	0,738310	0,769363	2,178619	3,906449	4,137732	5,491011	11,643270	18,168026	21,062910	
0,738310	0,738310	0,769363	2,178619	3,906449	4,137732	5,491011	11,643270	18,168026	21,062910	
0,738310	0,738310	0,738310	2,178619	4,137732	4,466537	14,386093	17,365736	20,831627	26,031939	
0,738310	0,738310	0,738310	2,178619	4,137732	4,466537	14,386093	17,365736	20,831627	26,031939	
0,738310	0,738310	0,738310	0,738310	0,738310	2,178619	3,194717	4,137732	12,506888	24,698595	
0,738310	0,738310	0,738310	0,738310	0,738310	2,178619	3,194717	4,137732	12,506888	24,698595	
0,488790	0,738310	0,738310	0,738310	2,178619	3,194717	4,137732	5,607109	21,530457	21,906025	
0,488790	0,738310	0,738310	0,738310	2,178619	3,194717	4,137732	5,607109	21,530457	21,906025	
0,488790	0,738310	0,738310	0,738310	0,738310	1,771790	1,929099	2,178619	3,194717	10,302863	
0,488790	0,738310	0,738310	0,738310	0,738310	1,771790	1,929099	2,178619	3,194717	10,302863	
0,488790	0,738310	0,738310	0,738310	1,080359	2,052213	2,419250	10,046551	10,302863	19,634970	
0,488790	0,738310	0,738310	0,738310	1,080359	2,052213	2,419250	10,046551	10,302863	19,634970	
0,488790	0,503426	0,738310	0,738310	0,738310	0,738310	1,080359	1,080359	2,052213	14,294164	
0,488790	0,503426	0,738310	0,738310	0,738310	0,738310	1,080359	1,080359	2,052213	14,294164	
0,488790	0,503426	0,738310	0,738310	0,738310	0,738310	0,738310	12,019672	12,082353	14,294164	
0,488790	0,503426	0,738310	0,738310	0,738310	0,738310	0,738310	12,019672	12,082353	14,294164	
0,488790	0,738310	0,738310	0,738310	0,876745	5,989561	12,019672	12,082353	13,572636	28,972107	
0,488790	0,738310	0,738310	0,738310	0,876745	5,989561	12,019672	12,082353	13,572636	28,972107	
0,488790	0,738310	0,738310	0,738310	0,738310	0,738310	0,738310	0,738310	0,876745	5,989561	
0,488790	0,738310	0,738310	0,738310	0,738310	0,738310	0,738310	0,738310	0,876745	5,989561	
0,488790	0,738310	0,738310	0,738310	0,738310	0,738310	0,876745	5,989561	10,149244	22,158815	
0,488790	0,738310	0,738310	0,738310	0,738310	0,738310	0,876745	5,989561	10,149244	22,158815	
0,488790	0,738310	0,738310	0,738310	0,738310	0,738310	0,738310	12,547413	14,045016	20,336821	
0,488790	0,738310	0,738310	0,738310	0,738310	0,738310	0,738310	12,547413	14,045016	20,336821	
0,738310	0,738310	0,738310	0,836857	2,381842	6,086636	9,020000	15,654109	19,354057	20,336821	
0,738310	0,738310	0,738310	0,836857	2,381842	6,086636	9,020000	15,654109	19,354057	20,336821	
0,738310	0,738310	0,738310	0,738310	2,419666	6,086636	6,137815	6,185183	15,654109	19,810854	
0,738310	0,738310	0,738310	0,738310	2,419666	6,086636	6,137815	6,185183	15,654109	19,810854	
0,370432	0,738310	0,738310	0,738310	0,738310	0,738310	0,738310	2,419666	16,098019	19,810854	
0,370432	0,738310	0,738310	0,738310	0,738310	0,738310	0,738310	2,419666	16,098019	19,810854	
0,370432	0,738310	0,738310	0,738310	0,988195	1,215871	5,791291	7,239477	10,788813	15,711854	
0,370432	0,738310	0,738310	0,738310	0,988195	1,215871	5,791291	7,239477	10,788813	15,711854	
0,370432	0,370432	0,738310	0,738310	0,738310	0,988195	0,988195	2,905547	5,791291	7,239477	
0,370432	0,370432	0,738310	0,738310	0,738310	0,988195	0,988195	2,905547	5,791291	7,239477	
0,370432	0,738310	0,738310	0,886477	0,988195	2,905547	3,202903	7,239477	9,561242	12,125398	
0,370432	0,738310	0,738310	0,886477	0,988195	2,905547	3,202903	7,239477	9,561242	12,125398	
0,737663	0,738310	0,738310	0,886477	0,968095	0,988195	5,565838	7,239477	10,030279	22,159399	
0,737663	0,738310	0,738310	0,886477	0,968095	0,988195	5,565838	7,239477	10,030279	22,159399	
0,737663	0,738310	0,738310	0,738310	0,738310	0,738310	0,988195	5,565838	5,565838	22,159399	
0,737663	0,738310	0,738310	0,738310	0,738310	0,738310	0,988195	5,565838	5,565838	22,159399	
0,449576	0,737663	0,737663	0,738310	0,738310	0,988195	5,565838	21,192356	22,159399	22,159399	
0,449576	0,737663	0,737663	0,738310	0,738310	0,988195	5,565838	21,192356	22,159399	22,159399	
0,449576	0,449576	0,541025	0,737663	0,737663	0,737663	0,738310	0,988195	4,385472	4,549504	
0,449576	0,449576	0,541025	0,737663	0,737663	0,737663	0,738310	0,988195	4,385472	4,549504	
0,449576	0,541025	0,737663	0,737663	0,737663	0,737663	4,188834	4,385472	5,681977	18,813883	
0,449576	0,541025	0,737663	0,737663	0,737663	0,737663	4,188834	4,385472	5,681977	18,813883	
0,541025	0,737663	0,737663	0,737663	0,737663	4,385472	5,681977	14,104874	14,850605	25,948565	
0,541025	0,737663	0,737663	0,737663	0,737663	4,385472	5,681977	14,104874	14,850605	25,948565	
0,541025	0,541025	0,737663	0,737663	0,737663	4,116990	8,313812	11,044600	14,104874	25,948565	
0,541025	0,541025	0,737663	0,737663	0,737663	4,116990	8,313812	11,044600	14,104874	25,948565	
0,397114	0,541025	0,541025	0,737663	0,737663	2,757259	3,074101	4,116990	8,313812	50,552235	
0,397114	0,541025	0,541025	0,737663	0,737663	2,757259	3,074101	4,116990	8,313812	50,552235	
0,397114	0,541025	0,541025	0,541025	0,737663	0,737663	0,737663	5,725087	17,245251	23,879131	
0,397114	0,541025	0,541025	0,541025	0,737663	0,737663	0,737663	5,725087	17,245251	23,879131	
0,397114	0,541025	0,541025	0,737663	0,737663	2,877464	5,725087	14,983260	16,416227	24,553614	
0,397114	0,541025	0,541025	0,737663	0,737663	2,877464	5,725087	14,983260	16,416227	24,553614	
0,397114	0,443240	0,541025	0,541025	0,737663	0,737663	1,195958	2,733552	4,436222	14,163126	
0,397114	0,443240	0,541025	0,541025	0,737663	0,737663	1,195958	2,733552	4,436222	14,163126	
0,246603	0,397114	0,737663	0,737663	0,737663	2,649937	8,252470	9,896185	20,965715	22,204100	
0,246603	0,397114	0,737663	0,737663	0,737663	2,649937	8,252470	9,896185	20,965715	22,204100	
0,095014	0,541025	2,846575	2,977714	7,285795	7,911922	8,252470	12,512318	18,626371	23,249172	
0,095014	0,541025	2,846575	2,977714	7,285795	7,911922	8,252470	12,512318	18,626371	23,249172	
0,737663	0,737663	2,705606	7,906330	8,252470	8,252470	8,317302	10,409811	16,459824	23,249172	
0,737663	0,737663	2,705606	7,906330	8,252470	8,252470	8,317302	10,409811	16,459824	23,249172	
0,391523	0,737663	0,737663	2,705606	8,252470	8,252470	16,954651	18,443184	19,604555	23,249172	
0,391523	0,737663	0,737663	2,705606	8,252470	8,252470	16,954651	18,443184	19,604555	23,249172	
0,391523	0,737663	2,977714	7,980362	8,252470	8,286819	15,395968	16,954651	16,954651	23,249172	
0,391523	0,737663	2,977714	7,980362	8,252470	8,286819	15,395968	16,954651	16,954651	23,249172	
0,405368	2,977714	7,906330	7,980362	8,252470	15,395968	16,954651	20,950495	23,799723	24,391668	
0,405368	2,977714	7,906330	7,980362	8,252470	15,395968	16,954651	20,950495	23,799723	24,391668	
0,082458	0,465555	7,906330	7,906330	8,252470	8,252470	8,252470	16,954651	22,910776	26,277441	
0,082458	0,465555	7,906330	7,906330	8,252470	8,252470	8,252470	16,954651	22,910776	26,277441	
0,391523	0,737663	1,307347	7,906330	7,906330	8,252470	14,888921	26,277441	26,421488	30,838024	
0,391523	0,737663	1,307347	7,906330	7,906330	8,252470	14,888921	26,277441	26,421488	30,838024	
0,391523	4,198983	7,906330	13,336027	14,888921	18,822565	26,277441	26,277441	30,838024	30,838024	
0,391523	4,198983	7,906330	13,336027	14,888921	18,822565	26,277441	26,277441	30,838024	30,838024	
4,198983	7,906330	7,906330	7,906330	11,572608	16,702692	18,375668	18,822565	22,910776	30,838024	
4,198983	7,906330	7,906330	7,906330	11,572608	16,702692	18,375668	18,822565	22,910776	30,838024	
4,198983	7,459433	10,698397	11,113636	11,272996	13,336027	13,666303	18,375668	19,700802	22,910776	
4,198983	7,459433	10,698397	11,113636	11,272996	13,336027	13,666303	18,375668	19,700802	22,910776	
4,198983	7,906330	7,906330	11,113636	11,272996	16,702692	18,375668	22,910776	25,460773	29,178392	
4,198983	7,906330	7,906330	11,113636	11,272996	16,702692	18,375668	22,910776	25,460773	29,178392	
1,993840	4,048170	4,198983	6,026322	7,906330	7,928623	11,272996	11,631073	16,702692	18,375668	
1,993840	4,048170	4,198983	6,026322	7,906330	7,928623	11,272996	11,631073	16,702692	18,375668	
2,016133	3,800462	4,885315	6,814150	7,906330	9,349558	11,631073	12,760646	16,702692	16,920368	
2,016133	3,800462	4,885315	6,814150	7,906330	9,349558	11,631073	12,760646	16,702692	16,920368	
0,219694	2,016133	3,800462	4,885315	7,906330	14,131419	17,392742	23,830261	27,492441	37,334709	
0,219694	2,016133	3,800462	4,885315	7,906330	14,131419	17,392742	23,830261	27,492441	37,334709	
0,197401	0,219694	1,943362	1,990149	2,016133	2,016133	3,800462	3,822755	15,563498	16,898075	
0,197401	0,219694	1,943362	1,990149	2,016133	2,016133	3,800462	3,822755	15,563498	16,898075	
0,197401	0,219694	0,219694	0,219694	1,990149	2,016133	4,885315	9,317863	14,478645	20,306389	
0,197401	0,219694	0,219694	0,219694	1,990149	2,016133	4,885315	9,317863	14,478645	20,306389	
0,197401	0,219694	0,219694	0,219694	0,219694	0,219694	1,874736	1,990149	1,990149	20,306389	
0,197401	0,219694	0,219694	0,219694	0,219694	0,219694	1,874736	1,990149	1,990149	20,306389	
0,197401	0,197401	0,219694	0,219694	0,944102	1,990149	1,990149	4,945299	5,499480	26,491518	
0,197401	0,197401	0,219694	0,219694	0,944102	1,990149	1,990149	4,945299	5,499480	26,491518	
0,192718	0,193059	0,197401	0,219694	0,419198	1,990149	9,754449	11,839574	13,648498	25,467117	
0,192718	0,193059	0,197401	0,219694	0,419198	1,990149	9,754449	11,839574	13,648498	25,467117	
0,192718	0,193059	0,197401	0,219694	0,396906	11,834890	15,052400	15,755014	23,248762	25,467117	
0,192718	0,193059	0,197401	0,219694	0,396906	11,834890	15,052400	15,755014	23,248762	25,467117	
0,197401	0,197401	0,407304	4,766837	15,755014	15,755014	21,757774	23,330402	25,467117	26,385986	
0,197401	0,197401	0,407304	4,766837	15,755014	15,755014	21,757774	23,330402	25,467117	26,385986	
0,197401	0,197401	0,197401	0,197401	0,407304	0,991683	2,543418	15,755014	15,824232	20,384163	
0,197401	0,197401	0,197401	0,197401	0,407304	0,991683	2,543418	15,755014	15,824232	20,384163	
0,197401	0,197401	0,197401	0,197401	0,407304	2,567982	9,796771	16,560572	19,334530	20,384163	
0,197401	0,197401	0,197401	0,197401	0,407304	2,567982	9,796771	16,560572	19,334530	20,384163	
0,197401	0,197401	1,112061	2,567982	2,567982	8,228363	11,546671	12,396935	16,770475	20,174259	
0,197401	0,197401	1,112061	2,567982	2,567982	8,228363	11,546671	12,396935	16,770475	20,174259	
0,197401	1,112061	1,112061	1,112061	2,567982	2,567982	11,546671	12,396935	20,174259	25,820747	
0,197401	1,112061	1,112061	1,112061	2,567982	2,567982	11,546671	12,396935	20,174259	25,820747	
0,197401	1,112061	1,112061	1,112061	2,567982	2,567982	2,567982	3,643300	11,222859	12,396935	
0,197401	1,112061	1,112061	1,112061	2,567982	2,567982	2,567982	3,643300	11,222859	12,396935	
0,197401	0,197401	0,197401	1,112061	2,567982	12,043557	12,396935	13,985708	16,991146	19,442034	
0,197401	0,197401	0,197401	1,112061	2,567982	12,043557	12,396935	13,985708	16,991146	19,442034	
0,197401	0,197401	0,197401	1,112061	1,184411	2,797565	6,056715	12,043557	19,442034	25,658630	
0,197401	0,197401	0,197401	1,112061	1,184411	2,797565	6,056715	12,043557	19,442034	25,658630	
0,197401	0,197401	0,197401	0,197401	1,184411	1,184411	1,184411	8,427296	12,057264	24,129410	
0,197401	0,197401	0,197401	0,197401	1,184411	1,184411	1,184411	8,427296	12,057264	24,129410	
0,197401	0,197401	0,197401	0,197401	0,197401	0,197401	0,944624	1,184411	2,013096	21,410570	
0,197401	0,197401	0,197401	0,197401	0,197401	0,197401	0,944624	1,184411	2,013096	21,410570	
0,197401	0,197401	0,197401	0,197401	0,944624	8,323349	9,742979	14,038107	20,815525	23,367023	
0,197401	0,197401	0,197401	0,197401	0,944624	8,323349	9,742979	14,038107	20,815525	23,367023	
0,197401	0,197401	0,197401	0,197401	0,428608	1,042697	15,120698	16,247583	23,367023	23,367023	
0,197401	0,197401	0,197401	0,197401	0,428608	1,042697	15,120698	16,247583	23,367023	23,367023	
0,197401	0,197401	0,197401	0,197401	0,197401	0,428608	1,750692	4,376551	8,218034	23,367023	
0,197401	0,197401	0,197401	0,197401	0,197401	0,428608	1,750692	4,376551	8,218034	23,367023	
0,193028	0,197401	0,197401	0,197401	0,197401	1,750692	16,576405	19,718527	22,898592	24,502300	
0,193028	0,197401	0,197401	0,197401	0,197401	1,750692	16,576405	19,718527	22,898592	24,502300	
0,193028	0,197401	0,197401	0,905396	1,528347	11,736799	12,507384	16,576405	18,893847	24,726294	
0,193028	0,197401	0,197401	0,905396	1,528347	11,736799	12,507384	16,576405	18,893847	24,726294	
0,197401	0,197401	0,905396	1,528347	4,679569	11,736799	11,736799	23,340384	24,726294	29,725250	
0,197401	0,197401	0,905396	1,528347	4,679569	11,736799	11,736799	23,340384	24,726294	29,725250	
0,197401	0,197401	0,197401	2,236341	3,861927	5,511684	11,736799	11,736799	23,340384	24,671329	
0,197401	0,197401	0,197401	2,236341	3,861927	5,511684	11,736799	11,736799	23,340384	24,671329	
0,197401	0,197401	0,197401	0,905396	4,569922	7,076443	11,028805	13,733803	16,006571	19,121798	
0,197401	0,197401	0,197401	0,905396	4,569922	7,076443	11,028805	13,733803	16,006571	19,121798	
0,197401	0,197401	0,197401	0,905396	2,315045	13,733803	16,006571	16,006571	19,121798	19,892113	
0,197401	0,197401	0,197401	0,905396	2,315045	13,733803	16,006571	16,006571	19,121798	19,892113	
0,197401	0,197401	0,984099	1,528347	2,702149	6,216112	13,733803	13,733803	22,192591	30,929516	
0,197401	0,197401	0,984099	1,528347	2,702149	6,216112	13,733803	13,733803	22,192591	30,929516	
0,197401	0,298562	0,984099	2,683932	2,702149	13,733803	13,733803	18,763243	22,907078	30,929516	
0,197401	0,298562	0,984099	2,683932	2,702149	13,733803	13,733803	18,763243	22,907078	30,929516	
0,197401	0,426653	2,702149	2,702149	3,521193	6,450797	13,035367	16,220333	17,695446	25,597668	
0,197401	0,426653	2,702149	2,702149	3,521193	6,450797	13,035367	16,220333	17,695446	25,597668	
0,197401	0,197401	0,426653	0,426653	0,984099	2,702149	13,035367	15,572461	25,597668	25,826920	
0,197401	0,197401	0,426653	0,426653	0,984099	2,702149	13,035367	15,572461	25,597668	25,826920	
0,197401	0,197401	0,197401	0,426653	0,426653	0,426653	2,931401	4,978388	11,282231	25,826920	
0,197401	0,197401	0,197401	0,426653	0,426653	0,426653	2,931401	4,978388	11,282231	25,826920	
0,197401	0,197401	0,426653	0,426653	0,426653	0,656387	4,978388	4,978388	11,282231	11,926175	
0,197401	0,197401	0,426653	0,426653	0,426653	0,656387	4,978388	4,978388	11,282231	11,926175	
0,197401	0,197401	0,197401	0,197401	0,197401	0,885639	1,192058	9,044027	11,926175	21,040876	
0,197401	0,197401	0,197401	0,197401	0,197401	0,885639	1,192058	9,044027	11,926175	21,040876	
0,197401	0,197401	0,197401	0,197401	0,197401	0,426653	1,192058	1,192058	11,696923	21,040876	
0,197401	0,197401	0,197401	0,197401	0,197401	0,426653	1,192058	1,192058	11,696923	21,040876	
0,005387	0,011981	0,197401	0,197401	0,197401	1,192058	15,579517	20,283012	21,040876	21,040876	
0,005387	0,011981	0,197401	0,197401	0,197401	1,192058	15,579517	20,283012	21,040876	21,040876	
0,197401	0,197401	0,212796	0,426653	2,278184	3,006616	20,453203	21,094738	21,535492	42,090931	
0,197401	0,197401	0,212796	0,426653	2,278184	3,006616	20,453203	21,094738	21,535492	42,090931	
0,197401	0,197401	0,212796	1,449879	1,494980	3,006616	7,149837	20,453203	23,092228	42,090931	
0,197401	0,197401	0,212796	1,449879	1,494980	3,006616	7,149837	20,453203	23,092228	42,090931	
0,197401	0,197401	0,197401	0,212796	0,212796	0,240168	3,006616	7,474596	20,453203	42,090931	
0,197401	0,197401	0,197401	0,212796	0,212796	0,240168	3,006616	7,474596	20,453203	42,090931	
0,197401	0,197401	0,197401	0,212796	0,212796	8,345233	12,884694	13,982792	23,326265	27,352924	
0,197401	0,197401	0,197401	0,212796	0,212796	8,345233	12,884694	13,982792	23,326265	27,352924	
0,197401	0,197401	0,212796	0,212796	2,026377	2,619850	3,940436	8,345233	18,765997	23,326265	
0,197401	0,197401	0,212796	0,212796	2,026377	2,619850	3,940436	8,345233	18,765997	23,326265	
0,194465	0,197401	0,197401	0,212796	0,212796	0,212796	3,019917	3,589521	17,219824	23,326265	
0,194465	0,197401	0,197401	0,212796	0,212796	0,212796	3,019917	3,589521	17,219824	23,326265	
0,197401	0,197401	0,212796	0,212796	3,019917	3,589521	3,589521	21,430355	23,326265	23,610353	
0,197401	0,197401	0,212796	0,212796	3,019917	3,589521	3,589521	21,430355	23,326265	23,610353	
0,197401	0,197401	0,197401	0,212796	0,212796	0,212796	0,821141	21,430355	23,111620	24,295937	
0,197401	0,197401	0,197401	0,212796	0,212796	0,212796	0,821141	21,430355	23,111620	24,295937	
0,076802	0,197401	0,197401	0,212796	0,212796	0,821141	4,388207	4,661917	12,175613	21,430355	
0,076802	0,197401	0,197401	0,212796	0,212796	0,821141	4,388207	4,661917	12,175613	21,430355	
0,197401	0,197401	0,212796	0,212796	0,212796	0,521620	1,290622	2,296163	9,961290	19,535404	
0,197401	0,197401	0,212796	0,212796	0,212796	0,521620	1,290622	2,296163	9,961290	19,535404	
0,197401	0,212796	0,212796	0,683458	1,855382	12,471541	15,706477	20,922998	21,876156	25,353134	
0,197401	0,212796	0,212796	0,683458	1,855382	12,471541	15,706477	20,922998	21,876156	25,353134	
0,197401	0,197401	0,197401	0,212796	0,212796	0,683458	0,899457	10,993632	14,622279	15,706477	
0,197401	0,197401	0,197401	0,212796	0,212796	0,683458	0,899457	10,993632	14,622279	15,706477	
0,197401	0,212796	0,275393	0,668063	7,506212	15,092941	15,706477	19,479317	22,837015	24,786390	
0,197401	0,212796	0,275393	0,668063	7,506212	15,092941	15,706477	19,479317	22,837015	24,786390	
0,059393	0,275393	0,667572	0,899457	0,899457	1,581131	6,459599	9,175508	15,922477	16,248194	
0,059393	0,275393	0,667572	0,899457	0,899457	1,581131	6,459599	9,175508	15,922477	16,248194	
0,043507	0,059393	0,059393	0,275393	0,275393	1,581131	1,656334	6,526812	9,175508	13,110881	
0,043507	0,059393	0,059393	0,275393	0,275393	1,581131	1,656334	6,526812	9,175508	13,110881	
0,043507	0,059393	0,275393	6,526812	9,175508	11,181133	12,894881	13,110881	19,700830	23,516937	
0,043507	0,059393	0,275393	6,526812	9,175508	11,181133	12,894881	13,110881	19,700830	23,516937	
0,043507	0,043507	0,059393	0,059393	0,275393	6,526812	9,175508	9,175508	23,879019	28,816944	
0,043507	0,043507	0,059393	0,059393	0,275393	6,526812	9,175508	9,175508	23,879019	28,816944	
0,043507	0,059393	0,059393	0,059393	0,059393	0,275393	9,175508	10,770424	17,767742	25,859793	
0,043507	0,059393	0,059393	0,059393	0,059393	0,275393	9,175508	10,770424	17,767742	25,859793	
0,059393	0,059393	0,059393	0,275393	1,963544	9,175508	10,607456	11,177018	25,859793	25,988392	
0,059393	0,059393	0,059393	0,275393	1,963544	9,175508	10,607456	11,177018	25,859793	25,988392	
0,059393	0,059393	0,059393	4,067770	4,967303	9,175508	11,177018	16,337009	25,859793	26,088285	
0,059393	0,059393	0,059393	4,067770	4,967303	9,175508	11,177018	16,337009	25,859793	26,088285	
1,221175	2,613665	4,967303	9,175508	9,175508	11,710880	14,458452	18,487688	25,859793	28,561575	
1,221175	2,613665	4,967303	9,175508	9,175508	11,710880	14,458452	18,487688	25,859793	28,561575	
0,275393	1,221175	1,221175	9,175508	9,175508	11,710880	12,202148	14,458452	14,916226	16,486277	
0,275393	1,221175	1,221175	9,175508	9,175508	11,710880	12,202148	14,458452	14,916226	16,486277	
0,059393	0,059393	0,275393	0,275393	6,510976	9,175508	9,225280	10,337290	16,486277	28,169960	
0,059393	0,059393	0,275393	0,275393	6,510976	9,175508	9,225280	10,337290	16,486277	28,169960	
0,059393	0,059393	0,059393	0,242470	1,437175	5,349194	6,584412	9,175508	25,634586	33,116051	
0,059393	0,059393	0,059393	0,242470	1,437175	5,349194	6,584412	9,175508	25,634586	33,116051	
0,059393	0,059393	0,059393	0,062960	0,275393	5,316272	6,584412	9,175508	9,175508	9,175508	
0,059393	0,059393	0,059393	0,062960	0,275393	5,316272	6,584412	9,175508	9,175508	9,175508	
0,059393	0,059393	0,059393	0,062960	0,211300	0,275393	6,584412	6,584412	11,208521	21,898563	
0,059393	0,059393	0,059393	0,062960	0,211300	0,275393	6,584412	6,584412	11,208521	21,898563	
0,059393	0,059393	0,059393	0,059393	0,059393	0,059393	0,062960	0,211300	5,680124	5,867546	
0,059393	0,059393	0,059393	0,059393	0,059393	0,059393	0,062960	0,211300	5,680124	5,867546	
0,059393	0,059393	0,059393	0,059393	0,059393	0,072230	0,601486	3,035204	3,795110	16,940813	
0,059393	0,059393	0,059393	0,059393	0,059393	0,072230	0,601486	3,035204	3,795110	16,940813	
0,059393	0,059393	0,059393	0,059393	0,059393	0,072230	0,597918	0,601486	1,916596	3,038772	
0,059393	0,059393	0,059393	0,059393	0,059393	0,072230	0,597918	0,601486	1,916596	3,038772	
0,059393	0,059393	0,059393	0,059393	0,059393	0,062960	0,282645	0,597918	3,119105	3,308829	
0,059393	0,059393	0,059393	0,059393	0,059393	0,062960	0,282645	0,597918	3,119105	3,308829	
0,059393	0,059393	0,059393	0,059393	0,059393	0,059393	0,059393	0,279077	3,119105	19,659441	
0,059393	0,059393	0,059393	0,059393	0,059393	0,059393	0,059393	0,279077	3,119105	19,659441	
0,059393	0,059393	0,059393	0,059393	0,059393	0,059393	0,059393	0,059393	19,659441	20,317165	
0,059393	0,059393	0,059393	0,059393	0,059393	0,059393	0,059393	0,059393	19,659441	20,317165	
0,059393	0,059393	0,059393	0,059393	0,059393	2,197579	12,918293	13,002862	19,659441	20,317165	
0,059393	0,059393	0,059393	0,059393	0,059393	2,197579	12,918293	13,002862	19,659441	20,317165	
0,059393	0,059393	0,059393	5,435881	6,193874	12,918293	13,002862	16,230860	23,066856	24,780941	
0,059393	0,059393	0,059393	5,435881	6,193874	12,918293	13,002862	16,230860	23,066856	24,780941	
0,059393	0,059393	4,394295	5,371902	5,435881	13,002862	16,230860	24,623438	24,780941	24,780941	
0,059393	0,059393	4,394295	5,371902	5,435881	13,002862	16,230860	24,623438	24,780941	24,780941	
0,059393	0,059393	0,059393	0,059393	4,394295	5,371902	5,517547	24,623438	24,780941	24,780941	
0,059393	0,059393	0,059393	0,059393	4,394295	5,371902	5,517547	24,623438	24,780941	24,780941	
0,059393	0,059393	0,059393	1,695366	6,795614	7,079823	8,788934	9,706804	9,706804	24,623438	
0,059393	0,059393	0,059393	1,695366	6,795614	7,079823	8,788934	9,706804	9,706804	24,623438	
0,059393	0,059393	0,059393	0,205037	1,549722	6,795614	9,706804	24,623438	25,120197	25,213219	
0,059393	0,059393	0,059393	0,205037	1,549722	6,795614	9,706804	24,623438	25,120197	25,213219	
0,059393	0,059393	0,059393	0,087315	1,549722	1,708100	2,875923	5,726566	11,541294	26,610525	
0,059393	0,059393	0,059393	0,087315	1,549722	1,708100	2,875923	5,726566	11,541294	26,610525	
0,059393	0,059393	0,059393	0,059393	0,059393	0,087315	0,334451	1,708100	11,541294	21,310028	
0,059393	0,059393	0,059393	0,059393	0,059393	0,087315	0,334451	1,708100	11,541294	21,310028	
0,059393	0,059393	0,059393	0,059393	0,059393	0,239373	0,306529	5,874770	6,122315	12,901001	
0,059393	0,059393	0,059393	0,059393	0,059393	0,239373	0,306529	5,874770	6,122315	12,901001	
0,021473	0,059393	0,059393	0,059393	0,344599	3,145950	7,276592	8,166142	8,940813	12,611050	
0,021473	0,059393	0,059393	0,059393	0,344599	3,145950	7,276592	8,166142	8,940813	12,611050	
0,021473	0,059393	0,059393	0,306679	0,344599	0,344599	3,108030	6,353174	21,915791	24,641279	
0,021473	0,059393	0,059393	0,306679	0,344599	0,344599	3,108030	6,353174	21,915791	24,641279	
0,021473	0,059393	0,306679	0,344599	0,910084	2,226483	6,315254	6,740133	24,641279	30,935059	
0,021473	0,059393	0,306679	0,344599	0,910084	2,226483	6,315254	6,740133	24,641279	30,935059	
0,021473	0,059393	0,059393	0,059393	0,344599	2,226483	6,740133	6,740133	15,565666	26,808369	
0,021473	0,059393	0,059393	0,059393	0,344599	2,226483	6,740133	6,740133	15,565666	26,808369	
0,021473	0,059393	0,059393	0,059393	0,344599	0,593178	1,057310	2,226483	17,571468	26,808369	
0,021473	0,059393	0,059393	0,059393	0,344599	0,593178	1,057310	2,226483	17,571468	26,808369	
0,059393	0,059393	0,059393	0,593178	0,878384	3,913081	4,182333	4,217401	24,434380	26,808369	
0,059393	0,059393	0,059393	0,593178	0,878384	3,913081	4,182333	4,217401	24,434380	26,808369	
0,024810	0,059393	0,059393	0,059393	0,059393	0,878384	0,878384	5,268394	10,428702	20,552212	
0,024810	0,059393	0,059393	0,059393	0,059393	0,878384	0,878384	5,268394	10,428702	20,552212	
0,059393	0,059393	0,059393	0,306679	2,181291	3,146496	11,274322	13,138259	15,194390	23,662411	
0,059393	0,059393	0,059393	0,306679	2,181291	3,146496	11,274322	13,138259	15,194390	23,662411	
0,036527	0,059393	0,059393	1,230233	2,181291	3,215936	8,577408	10,466622	23,662411	29,865953	
0,036527	0,059393	0,059393	1,230233	2,181291	3,215936	8,577408	10,466622	23,662411	29,865953	
0,027113	0,059393	0,059393	0,059393	0,059393	2,181291	7,377523	19,721144	21,990284	26,818953	
0,027113	0,059393	0,059393	0,059393	0,059393	2,181291	7,377523	19,721144	21,990284	26,818953	
0,059393	0,059393	0,059393	0,059393	0,081015	0,549980	2,149010	2,181291	2,494408	23,662411	
0,059393	0,059393	0,059393	0,059393	0,081015	0,549980	2,149010	2,181291	2,494408	23,662411	
0,027113	0,059393	0,059393	0,059393	0,259702	0,549980	0,549980	0,959378	2,181291	22,673473	
0,027113	0,059393	0,059393	0,059393	0,259702	0,549980	0,549980	0,959378	2,181291	22,673473	
0,027113	0,027113	0,059393	0,059393	0,090347	0,549980	2,909949	10,373681	14,226236	25,690886	
0,027113	0,027113	0,059393	0,059393	0,090347	0,549980	2,909949	10,373681	14,226236	25,690886	
0,027113	0,027113	0,027113	0,059393	0,059393	0,102389	2,094563	3,925658	9,751725	14,992640	
0,027113	0,027113	0,027113	0,059393	0,059393	0,102389	2,094563	3,925658	9,751725	14,992640	
0,027113	0,027113	0,027113	0,027113	0,027113	1,394175	2,094563	2,303202	21,263243	26,194613	
0,027113	0,027113	0,027113	0,027113	0,027113	1,394175	2,094563	2,303202	21,263243	26,194613	
0,027113	0,027113	0,027113	0,027113	0,035819	0,092880	0,134386	1,394175	1,999797	26,194613	
0,027113	0,027113	0,027113	0,027113	0,035819	0,092880	0,134386	1,394175	1,999797	26,194613	
0,027113	0,027113	0,027113	0,027113	0,035819	0,134386	0,244668	1,394175	4,408675	28,167295	
0,027113	0,027113	0,027113	0,027113	0,035819	0,134386	0,244668	1,394175	4,408675	28,167295	
0,027113	0,027113	0,027113	0,027113	0,027113	0,027113	1,394175	4,297586	6,152264	15,788599	
0,027113	0,027113	0,027113	0,027113	0,027113	0,027113	1,394175	4,297586	6,152264	15,788599	
0,027113	0,027113	0,027113	0,027113	0,027113	6,152264	7,860325	12,302831	15,788599	17,915205	
0,027113	0,027113	0,027113	0,027113	0,027113	6,152264	7,860325	12,302831	15,788599	17,915205	
0,027113	0,027113	0,027113	0,027113	0,027113	0,027113	3,070245	5,265389	15,788599	17,915205	
0,027113	0,027113	0,027113	0,027113	0,027113	0,027113	3,070245	5,265389	15,788599	17,915205	
0,027113	0,027113	0,027113	0,027113	0,027113	0,027113	0,887564	5,256996	6,493973	6,663200	
0,027113	0,027113	0,027113	0,027113	0,027113	0,027113	0,887564	5,256996	6,493973	6,663200	
0,018719	0,027113	0,027113	0,027113	0,027113	0,027113	4,464314	6,663200	12,860822	20,588329	
0,018719	0,027113	0,027113	0,027113	0,027113	0,027113	4,464314	6,663200	12,860822	20,588329	
0,018719	0,027113	0,027113	0,027113	4,464314	5,118392	7,974367	12,860822	12,860822	20,588329	
0,018719	0,027113	0,027113	0,027113	4,464314	5,118392	7,974367	12,860822	12,860822	20,588329	
0,018719	0,027113	0,027113	0,027113	0,113395	4,464314	5,118392	5,118392	12,860822	18,167791	
0,018719	0,027113	0,027113	0,027113	0,113395	4,464314	5,118392	5,118392	12,860822	18,167791	
0,027113	0,027113	0,113395	0,113395	4,464314	5,118392	7,150414	7,567038	18,821869	27,382387	
0,027113	0,027113	0,113395	0,113395	4,464314	5,118392	7,150414	7,567038	18,821869	27,382387	
0,049488	0,113395	0,113395	5,118392	5,118392	5,118392	12,004239	18,821869	20,120014	37,339127	
0,049488	0,113395	0,113395	5,118392	5,118392	5,118392	12,004239	18,821869	20,120014	37,339127	
0,049488	0,113395	0,113395	0,113395	5,118392	5,118392	5,118392	19,146814	21,191383	26,025145	
0,049488	0,113395	0,113395	0,113395	5,118392	5,118392	5,118392	19,146814	21,191383	26,025145	
0,113395	0,113395	0,113395	2,899007	5,118392	5,118392	5,118392	5,118392	5,877419	20,956240	
0,113395	0,113395	0,113395	2,899007	5,118392	5,118392	5,118392	5,118392	5,877419	20,956240	
0,092493	0,113395	0,113395	0,113395	0,853928	5,118392	8,449558	14,480826	16,012861	18,724377	
0,092493	0,113395	0,113395	0,113395	0,853928	5,118392	8,449558	14,480826	16,012861	18,724377	
0,092493	0,092493	0,113395	0,113395	0,113395	0,113395	0,113395	5,118392	9,330578	13,356982	
0,092493	0,092493	0,113395	0,113395	0,113395	0,113395	0,113395	5,118392	9,330578	13,356982	
0,092493	0,092493	0,113395	0,113395	1,507778	5,118392	9,805314	13,353503	21,077303	25,528337	
0,092493	0,092493	0,113395	0,113395	1,507778	5,118392	9,805314	13,353503	21,077303	25,528337	
0,092493	0,092493	0,113395	0,113395	0,469245	0,767244	3,548573	10,545848	13,353503	25,528337	
0,092493	0,092493	0,113395	0,113395	0,469245	0,767244	3,548573	10,545848	13,353503	25,528337	
0,092493	0,092493	0,097424	0,113395	0,767244	1,417066	2,419852	7,342953	13,353503	23,464699	
0,092493	0,092493	0,097424	0,113395	0,767244	1,417066	2,419852	7,342953	13,353503	23,464699	
0,092493	0,092493	0,097424	0,113395	0,113395	0,767244	1,417066	3,191774	10,065442	20,722912	
0,092493	0,092493	0,097424	0,113395	0,113395	0,767244	1,417066	3,191774	10,065442	20,722912	
0,092493	0,092493	0,092493	0,097424	0,113395	0,113395	1,417066	3,191774	15,485034	20,492498	
0,092493	0,092493	0,092493	0,097424	0,113395	0,113395	1,417066	3,191774	15,485034	20,492498	
0,092493	0,092493	0,113395	0,113395	0,767244	1,417066	3,191774	3,634435	5,695288	19,817747	
0,092493	0,092493	0,113395	0,113395	0,767244	1,417066	3,191774	3,634435	5,695288	19,817747	
0,092493	0,092493	0,092493	0,113395	0,113395	3,191774	3,191774	3,634435	3,655337	5,695288	
0,092493	0,092493	0,092493	0,113395	0,113395	3,191774	3,191774	3,634435	3,655337	5,695288	
0,092493	0,092493	0,092493	0,113395	0,113395	3,191774	3,634435	3,634435	5,695288	11,675207	
0,092493	0,092493	0,092493	0,113395	0,113395	3,191774	3,634435	3,634435	5,695288	11,675207	
0,092493	0,092493	0,113395	0,113395	0,113395	3,191774	3,191774	3,634435	11,675207	14,883762	
0,092493	0,092493	0,113395	0,113395	0,113395	3,191774	3,191774	3,634435	11,675207	14,883762	
0,092493	0,092493	0,092493	0,113395	0,113395	0,113395	0,452631	3,191774	3,191774	3,634435	
0,092493	0,092493	0,092493	0,113395	0,113395	0,113395	0,452631	3,191774	3,191774	3,634435	
0,092493	0,092493	0,113395	0,113395	2,430527	3,191774	3,191774	3,788401	6,443567	11,051205	
0,092493	0,092493	0,113395	0,113395	2,430527	3,191774	3,191774	3,788401	6,443567	11,051205	
0,092493	0,113395	0,113395	0,113395	0,113395	3,191774	6,443567	6,820983	16,037058	16,801359	
0,092493	0,113395	0,113395	0,113395	0,113395	3,191774	6,443567	6,820983	16,037058	16,801359	
0,092493	0,092493	0,113395	0,113395	5,828475	6,443567	6,464468	6,464468	6,766887	10,450285	
0,092493	0,092493	0,113395	0,113395	5,828475	6,443567	6,464468	6,464468	6,766887	10,450285	
0,092493	0,092493	0,113395	0,113395	0,546613	0,659988	6,443567	6,464468	10,608324	23,807278	
0,092493	0,092493	0,113395	0,113395	0,546613	0,659988	6,443567	6,464468	10,608324	23,807278	
0,023026	0,027562	0,092493	0,092493	0,113395	0,113395	0,113395	0,546613	4,574307	6,443567	
0,023026	0,027562	0,092493	0,092493	0,113395	0,113395	0,113395	0,546613	4,574307	6,443567	
0,092493	0,092493	0,092493	0,092493	0,113395	0,113395	1,292412	6,378635	6,464468	9,367922	
0,092493	0,092493	0,092493	0,092493	0,113395	0,113395	1,292412	6,378635	6,464468	9,367922	
0,074714	0,092493	0,092493	0,092493	0,092493	0,113395	0,161160	11,455009	13,279321	24,656649	
0,074714	0,092493	0,092493	0,092493	0,092493	0,113395	0,161160	11,455009	13,279321	24,656649	
0,092493	0,092493	0,092493	0,092493	0,092493	0,113395	4,662268	11,455009	13,279321	24,656649	
0,092493	0,092493	0,092493	0,092493	0,092493	0,113395	4,662268	11,455009	13,279321	24,656649	
0,092493	0,092493	0,092493	0,092493	0,092493	0,399372	2,065542	4,662268	8,176003	24,656649	
0,092493	0,092493	0,092493	0,092493	0,092493	0,399372	2,065542	4,662268	8,176003	24,656649	
0,083875	0,092493	0,092493	0,092493	0,092493	0,399372	3,339905	24,656649	24,656649	26,629700	
0,083875	0,092493	0,092493	0,092493	0,092493	0,399372	3,339905	24,656649	24,656649	26,629700	
0,092493	0,092493	0,092493	0,092493	0,399372	8,106470	10,364001	15,560183	24,656649	24,656649	
0,092493	0,092493	0,092493	0,092493	0,399372	8,106470	10,364001	15,560183	24,656649	24,656649	
0,092493	0,092493	0,092493	3,273292	3,339905	4,859058	4,859058	10,364001	14,413322	24,656649	
0,092493	0,092493	0,092493	3,273292	3,339905	4,859058	4,859058	10,364001	14,413322	24,656649	
0,092493	0,092493	0,092493	0,092493	0,092493	3,273292	3,339905	6,613369	11,055442	14,517836	
0,092493	0,092493	0,092493	0,092493	0,092493	3,273292	3,339905	6,613369	11,055442	14,517836	
0,092493	0,092493	0,092493	0,092493	3,273292	3,339905	4,859058	4,859058	6,288877	6,288877	
0,092493	0,092493	0,092493	0,092493	3,273292	3,339905	4,859058	4,859058	6,288877	6,288877	
0,025880	0,092493	0,092493	0,092493	4,859058	5,488265	6,288877	10,722796	14,633251	22,859039	
0,025880	0,092493	0,092493	0,092493	4,859058	5,488265	6,288877	10,722796	14,633251	22,859039	
0,092493	0,092493	0,092493	0,092493	0,721700	4,859058	5,341854	5,488265	6,288877	27,487326	
0,092493	0,092493	0,092493	0,092493	0,721700	4,859058	5,341854	5,488265	6,288877	27,487326	
0,092493	0,092493	0,296379	0,721700	0,721700	0,721700	1,573375	4,859058	4,859058	38,017342	
0,092493	0,092493	0,296379	0,721700	0,721700	0,721700	1,573375	4,859058	4,859058	38,017342	
0,721700	0,721700	0,721700	1,573375	1,573375	2,280250	7,261438	15,389073	26,855106	27,487326	
0,721700	0,721700	0,721700	1,573375	1,573375	2,280250	7,261438	15,389073	26,855106	27,487326	
0,092493	0,092493	0,721700	1,573375	1,573375	2,280250	2,510737	6,231611	15,389073	16,018280	
0,092493	0,092493	0,721700	1,573375	1,573375	2,280250	2,510737	6,231611	15,389073	16,018280	
0,092493	0,092493	1,573375	1,573375	1,573375	1,573375	1,573375	6,813894	16,018280	20,398727	
0,092493	0,092493	1,573375	1,573375	1,573375	1,573375	1,573375	6,813894	16,018280	20,398727	
0,092493	0,092493	0,716619	1,573375	1,573375	1,573375	1,573375	5,683293	20,398727	32,923786	
0,092493	0,092493	0,716619	1,573375	1,573375	1,573375	1,573375	5,683293	20,398727	32,923786	
0,087413	0,092493	0,092493	5,663171	5,812521	9,139847	10,735653	17,822018	23,522457	43,512344	
0,087413	0,092493	0,092493	5,663171	5,812521	9,139847	10,735653	17,822018	23,522457	43,512344	
0,087413	0,145632	1,610882	5,296959	5,663171	5,812521	7,176918	12,617553	17,822018	43,512344	
0,087413	0,145632	1,610882	5,296959	5,663171	5,812521	7,176918	12,617553	17,822018	43,512344	
0,118004	1,760233	4,480492	5,296959	5,296959	5,663171	5,663171	6,171499	20,398727	23,201033	
0,118004	1,760233	4,480492	5,296959	5,296959	5,663171	5,663171	6,171499	20,398727	23,201033	
0,118004	1,760233	2,623983	4,480492	5,812521	8,318945	12,905137	23,201033	23,201033	23,201033	
0,118004	1,760233	2,623983	4,480492	5,812521	8,318945	12,905137	23,201033	23,201033	23,201033	
1,760233	1,760233	2,623983	4,480492	4,693924	5,812521	8,318945	11,156621	11,861809	17,354002	
1,760233	1,760233	2,623983	4,480492	4,693924	5,812521	8,318945	11,156621	11,861809	17,354002	
0,707124	1,760233	1,760233	2,623983	2,623983	5,812521	7,309257	8,318945	11,156621	21,201366	
0,707124	1,760233	1,760233	2,623983	2,623983	5,812521	7,309257	8,318945	11,156621	21,201366	
1,610882	1,760233	1,760233	2,623983	2,623983	2,755343	7,886272	8,080609	14,987182	21,201366	
1,610882	1,760233	1,760233	2,623983	2,623983	2,755343	7,886272	8,080609	14,987182	21,201366	
1,610882	1,610882	1,679721	2,623983	2,773334	3,494239	14,987182	19,118837	21,201366	23,838202	
1,610882	1,610882	1,679721	2,623983	2,773334	3,494239	14,987182	19,118837	21,201366	23,838202	
1,610882	1,610882	1,610882	1,679721	2,623983	2,623983	2,773334	3,181997	11,410736	16,000282	
1,610882	1,610882	1,610882	1,679721	2,623983	2,623983	2,773334	3,181997	11,410736	16,000282	
1,610882	1,610882	1,610882	1,610882	1,679721	2,623983	2,623983	2,692822	11,410736	11,410736	
1,610882	1,610882	1,610882	1,610882	1,679721	2,623983	2,623983	2,692822	11,410736	11,410736	
1,610882	1,610882	1,679721	1,690283	2,623983	2,623983	2,623983	2,623983	2,692822	26,086348	
1,610882	1,610882	1,679721	1,690283	2,623983	2,623983	2,623983	2,623983	2,692822	26,086348	
0,930165	1,610882	1,610882	1,610882	1,679721	1,679721	2,623983	2,692822	2,692822	24,570570	
0,930165	1,610882	1,610882	1,610882	1,679721	1,679721	2,623983	2,692822	2,692822	24,570570	
0,930165	0,930165	0,930165	1,043508	1,610882	1,610882	1,679721	1,745635	8,417111	22,826385	
0,930165	0,930165	0,930165	1,043508	1,610882	1,610882	1,679721	1,745635	8,417111	22,826385	
0,056453	0,930165	0,963332	1,610882	1,610882	1,610882	5,983017	20,061325	22,009047	22,826385	
0,056453	0,930165	0,963332	1,610882	1,610882	1,610882	5,983017	20,061325	22,009047	22,826385	
0,930165	0,930165	0,963332	6,195729	20,061325	20,255873	22,009047	22,009047	22,421173	26,423885	
0,930165	0,930165	0,963332	6,195729	20,061325	20,255873	22,009047	22,009047	22,421173	26,423885	
0,930165	0,963332	6,195729	6,195729	11,420965	12,688235	19,575157	26,423885	26,423885	38,107208	
0,930165	0,963332	6,195729	6,195729	11,420965	12,688235	19,575157	26,423885	26,423885	38,107208	
1,142877	5,983017	6,195729	6,195729	6,195729	11,514996	12,688235	15,692181	27,061897	29,357779	
1,142877	5,983017	6,195729	6,195729	6,195729	11,514996	12,688235	15,692181	27,061897	29,357779	
0,636581	0,930165	4,815510	5,983017	6,195729	6,195729	7,166772	11,514996	15,904892	18,655190	
0,636581	0,930165	4,815510	5,983017	6,195729	6,195729	7,166772	11,514996	15,904892	18,655190	
0,636581	0,930165	5,983017	5,983017	5,983017	6,195729	6,595540	7,166772	7,450808	19,700682	
0,636581	0,930165	5,983017	5,983017	5,983017	6,195729	6,595540	7,166772	7,450808	19,700682	
0,636581	3,271879	4,701040	5,786553	5,983017	5,984480	6,161060	16,492258	18,472647	28,179298	
0,636581	3,271879	4,701040	5,786553	5,983017	5,984480	6,161060	16,492258	18,472647	28,179298	
0,368344	0,423870	0,636581	1,607625	2,585997	4,604261	5,983017	6,373771	7,450808	14,299631	
0,368344	0,423870	0,636581	1,607625	2,585997	4,604261	5,983017	6,373771	7,450808	14,299631	
0,253874	0,636581	0,636581	1,599763	1,607625	2,700466	4,628005	4,815510	9,797529	23,444124	
0,253874	0,636581	0,636581	1,599763	1,607625	2,700466	4,628005	4,815510	9,797529	23,444124	
0,253874	0,636581	1,339387	1,868001	1,991564	2,700466	6,982484	14,738403	23,444124	23,712362	
0,253874	0,636581	1,339387	1,868001	1,991564	2,700466	6,982484	14,738403	23,444124	23,712362	
0,253874	1,339387	1,339387	1,339387	1,868001	1,868001	2,700466	6,358891	6,637331	19,339731	
0,253874	1,339387	1,339387	1,339387	1,868001	1,868001	2,700466	6,358891	6,637331	19,339731	
0,522112	1,599763	1,599763	1,599763	1,607625	1,868001	1,868001	8,887740	10,660436	12,159101	
0,522112	1,599763	1,599763	1,599763	1,607625	1,868001	1,868001	8,887740	10,660436	12,159101	
1,599763	1,599763	1,599763	1,599763	1,599763	1,599763	1,868001	1,868001	5,569763	16,335094	
1,599763	1,599763	1,599763	1,599763	1,599763	1,599763	1,868001	1,868001	5,569763	16,335094	
1,599763	1,599763	1,599763	1,599763	1,599763	4,059906	16,335094	19,155642	21,741993	24,798405	
1,599763	1,599763	1,599763	1,599763	1,599763	4,059906	16,335094	19,155642	21,741993	24,798405	
1,599763	1,599763	1,599763	1,599763	1,599763	1,868001	4,059906	19,155642	22,864197	24,798405	
1,599763	1,599763	1,599763	1,599763	1,599763	1,868001	4,059906	19,155642	22,864197	24,798405	
0,860869	1,599763	1,599763	1,599763	3,904486	8,397104	9,700337	24,798405	26,835480	37,823612	
0,860869	1,599763	1,599763	1,599763	3,904486	8,397104	9,700337	24,798405	26,835480	37,823612	
0,398274	0,892688	1,868001	8,397104	10,752723	11,965533	13,597468	16,066856	23,356520	26,835480	
0,398274	0,892688	1,868001	8,397104	10,752723	11,965533	13,597468	16,066856	23,356520	26,835480	
0,737267	0,782997	6,592137	8,397104	10,752723	13,407084	13,752889	13,840411	16,066856	26,835480	
0,737267	0,782997	6,592137	8,397104	10,752723	13,407084	13,752889	13,840411	16,066856	26,835480	
0,592632	0,737267	1,444343	7,690029	8,397104	8,397104	9,238939	13,840411	17,939447	24,243408	
0,592632	0,737267	1,444343	7,690029	8,397104	8,397104	9,238939	13,840411	17,939447	24,243408	
0,437212	0,892688	1,083053	1,444343	7,389973	9,238939	15,845915	18,375647	26,546322	31,706429	
0,437212	0,892688	1,083053	1,444343	7,389973	9,238939	15,845915	18,375647	26,546322	31,706429	
0,592632	0,782997	0,892688	1,083053	4,184591	7,690029	8,893154	9,048574	9,238939	30,817583	
0,592632	0,782997	0,892688	1,083053	4,184591	7,690029	8,893154	9,048574	9,238939	30,817583	
0,592632	0,737267	0,782997	0,892688	1,083053	4,167009	8,893154	9,225887	14,368338	25,537739	
0,592632	0,737267	0,782997	0,892688	1,083053	4,167009	8,893154	9,225887	14,368338	25,537739	
0,440186	0,592632	0,592632	1,083053	4,577435	10,352329	10,535784	11,261934	15,255782	17,081797	
0,440186	0,592632	0,592632	1,083053	4,577435	10,352329	10,535784	11,261934	15,255782	17,081797	
0,440186	0,592632	0,592632	4,577435	4,577435	7,404366	11,130376	15,255782	17,081797	22,576199	
0,440186	0,592632	0,592632	4,577435	4,577435	7,404366	11,130376	15,255782	17,081797	22,576199	
0,592632	0,592632	0,592632	0,592632	0,592632	4,577435	4,577435	4,577435	6,515866	7,404366	
0,592632	0,592632	0,592632	0,592632	0,592632	4,577435	4,577435	4,577435	6,515866	7,404366	
0,256365	0,592632	0,592632	0,592632	1,176886	3,571701	4,577435	4,577435	4,577435	7,404366	
0,256365	0,592632	0,592632	0,592632	1,176886	3,571701	4,577435	4,577435	4,577435	7,404366	
0,592632	0,592632	0,592632	1,577084	3,571701	4,577435	4,675047	5,823007	12,925845	21,387663	
0,592632	0,592632	0,592632	1,577084	3,571701	4,577435	4,675047	5,823007	12,925845	21,387663	
0,592632	0,592632	0,592632	3,571701	5,823007	10,321563	16,147581	19,168184	21,387663	28,984978	
0,592632	0,592632	0,592632	3,571701	5,823007	10,321563	16,147581	19,168184	21,387663	28,984978	
0,232895	0,592632	3,571701	3,949710	14,741474	16,147581	21,387663	22,170147	28,984978	28,984978	
0,232895	0,592632	3,571701	3,949710	14,741474	16,147581	21,387663	22,170147	28,984978	28,984978	
0,232895	0,232895	0,487124	5,231204	5,696483	6,800570	12,422502	14,741474	14,741474	27,953861	
0,232895	0,232895	0,487124	5,231204	5,696483	6,800570	12,422502	14,741474	14,741474	27,953861	
0,232895	0,232895	0,232895	0,249391	0,487124	0,566308	6,800570	7,430740	10,508463	12,422502	
0,232895	0,232895	0,232895	0,249391	0,487124	0,566308	6,800570	7,430740	10,508463	12,422502	
0,232895	0,232895	0,232895	0,249391	0,249391	0,249391	2,656856	3,643155	5,534043	6,800570	
0,232895	0,232895	0,232895	0,249391	0,249391	0,249391	2,656856	3,643155	5,534043	6,800570	
0,232895	0,232895	0,232895	0,232895	0,249391	0,249391	0,249391	6,800570	18,761261	19,551994	
0,232895	0,232895	0,232895	0,232895	0,249391	0,249391	0,249391	6,800570	18,761261	19,551994	
0,232895	0,232895	0,232895	0,232895	0,232895	0,232895	0,249391	0,249391	6,800570	14,008532	
0,232895	0,232895	0,232895	0,232895	0,232895	0,232895	0,249391	0,249391	6,800570	14,008532	
0,232895	0,232895	0,232895	0,249391	1,152816	1,430618	3,825985	14,008532	20,576206	23,209442	
0,232895	0,232895	0,232895	0,249391	1,152816	1,430618	3,825985	14,008532	20,576206	23,209442	
0,232895	0,232895	0,232895	0,232895	3,825985	6,884274	13,116741	14,008532	14,008532	15,901906	
0,232895	0,232895	0,232895	0,232895	3,825985	6,884274	13,116741	14,008532	14,008532	15,901906	
0,232895	0,232895	0,232895	1,152816	1,398429	3,825985	5,230371	6,884274	8,378956	15,885410	
0,232895	0,232895	0,232895	1,152816	1,398429	3,825985	5,230371	6,884274	8,378956	15,885410	
0,232895	0,232895	0,232895	1,398429	3,101591	4,288425	6,092861	6,884274	6,884274	20,618664	
0,232895	0,232895	0,232895	1,398429	3,101591	4,288425	6,092861	6,884274	6,884274	20,618664	
0,232895	0,232895	1,002732	2,548389	3,101591	3,368504	4,288425	6,092861	6,884274	7,879085	
0,232895	0,232895	1,002732	2,548389	3,101591	3,368504	4,288425	6,092861	6,884274	7,879085	
0,232895	0,232895	0,232895	0,232895	2,548389	2,548389	7,083473	7,879085	16,788601	22,139133	
0,232895	0,232895	0,232895	0,232895	2,548389	2,548389	7,083473	7,879085	16,788601	22,139133	
0,232895	0,232895	0,232895	0,232895	0,232895	2,548389	16,788601	16,788601	16,788601	32,911606	
0,232895	0,232895	0,232895	0,232895	0,232895	2,548389	16,788601	16,788601	16,788601	32,911606	
0,232895	0,232895	0,232895	0,232895	1,777372	5,622340	6,006345	19,337700	19,879267	41,076424	
0,232895	0,232895	0,232895	0,232895	1,777372	5,622340	6,006345	19,337700	19,879267	41,076424	
0,232895	0,232895	3,878236	5,622340	6,006345	7,464077	12,482417	14,158022	21,261204	25,340393	
0,232895	0,232895	3,878236	5,622340	6,006345	7,464077	12,482417	14,158022	21,261204	25,340393	
0,232895	0,232895	0,232895	2,963094	3,878236	3,878236	7,464077	7,464077	12,482417	18,836123	
0,232895	0,232895	0,232895	2,963094	3,878236	3,878236	7,464077	7,464077	12,482417	18,836123	
0,232895	0,232895	0,232895	0,232895	1,471358	2,963094	3,878236	12,890003	16,325720	17,738438	
0,232895	0,232895	0,232895	0,232895	1,471358	2,963094	3,878236	12,890003	16,325720	17,738438	
0,232895	0,232895	0,656002	1,834467	3,878236	10,131012	11,398267	12,890003	16,838303	20,555887	
0,232895	0,232895	0,656002	1,834467	3,878236	10,131012	11,398267	12,890003	16,838303	20,555887	
0,232895	1,834467	1,834467	5,196370	6,980931	10,131012	13,805144	18,968979	20,555887	24,201227	
0,232895	1,834467	1,834467	5,196370	6,980931	10,131012	13,805144	18,968979	20,555887	24,201227	
0,232895	1,596530	1,834467	1,834467	5,881622	10,131012	13,805144	18,968979	22,225878	24,874029	
0,232895	1,596530	1,834467	1,834467	5,881622	10,131012	13,805144	18,968979	22,225878	24,874029	
0,232895	1,596530	1,834467	1,834467	4,250732	4,551038	13,805144	18,939884	20,555887	40,961960	
0,232895	1,596530	1,834467	1,834467	4,250732	4,551038	13,805144	18,939884	20,555887	40,961960	
0,232895	0,232895	0,232895	1,596530	1,596530	1,596530	1,834467	13,805144	20,148140	33,103615	
0,232895	0,232895	0,232895	1,596530	1,596530	1,596530	1,834467	13,805144	20,148140	33,103615	
0,232895	0,232895	0,232895	0,232895	0,232895	1,596530	1,596530	1,893965	13,805144	20,148140	
0,232895	0,232895	0,232895	0,232895	0,232895	1,596530	1,596530	1,893965	13,805144	20,148140	
0,232895	0,232895	1,596530	1,788169	3,537920	9,042161	9,557623	11,435991	18,815958	20,148140	
0,232895	0,232895	1,596530	1,788169	3,537920	9,042161	9,557623	11,435991	18,815958	20,148140	
0,232895	0,232895	0,232895	0,232895	1,596530	3,537920	3,537920	9,042161	12,347186	24,329723	
0,232895	0,232895	0,232895	0,232895	1,596530	3,537920	3,537920	9,042161	12,347186	24,329723	
0,232895	0,232895	0,232895	1,596530	3,537920	4,000658	4,507168	10,491332	24,528963	25,883577	
0,232895	0,232895	0,232895	1,596530	3,537920	4,000658	4,507168	10,491332	24,528963	25,883577	
0,232895	0,232895	0,232895	1,596530	2,637023	3,537920	4,017488	4,103788	10,491332	19,530869	
0,232895	0,232895	0,232895	1,596530	2,637023	3,537920	4,017488	4,103788	10,491332	19,530869	
0,232895	0,232895	0,232895	1,596530	2,637023	3,537920	3,537920	3,887375	4,458853	18,980656	
0,232895	0,232895	0,232895	1,596530	2,637023	3,537920	3,537920	3,887375	4,458853	18,980656	
0,232895	0,232895	0,232895	0,232895	0,232895	1,596530	2,637023	3,537920	3,537920	18,980656	
0,232895	0,232895	0,232895	0,232895	0,232895	1,596530	2,637023	3,537920	3,537920	18,980656	
0,232895	0,232895	0,232895	0,766984	1,001338	1,596530	1,596530	2,637023	3,537920	10,261720	
0,232895	0,232895	0,232895	0,766984	1,001338	1,596530	1,596530	2,637023	3,537920	10,261720	
0,232895	0,232895	0,232895	0,232895	0,232895	2,637023	3,537920	4,612329	5,681640	23,225334	
0,232895	0,232895	0,232895	0,232895	0,232895	2,637023	3,537920	4,612329	5,681640	23,225334	
0,078702	0,232895	0,232895	0,232895	0,513873	3,537920	3,537920	8,934489	12,638207	26,114416	
0,078702	0,232895	0,232895	0,232895	0,513873	3,537920	3,537920	8,934489	12,638207	26,114416	
0,078702	0,232895	0,232895	0,232895	0,232895	0,303990	0,513873	1,283322	3,537920	4,363261	
0,078702	0,232895	0,232895	0,232895	0,232895	0,303990	0,513873	1,283322	3,537920	4,363261	
0,078702	0,232895	0,232895	0,232895	0,303990	0,513873	3,569591	4,363261	4,605143	6,643869	
0,078702	0,232895	0,232895	0,232895	0,303990	0,513873	3,569591	4,363261	4,605143	6,643869	
0,078702	0,078702	0,232895	0,232895	2,794481	3,569591	3,805602	4,082284	4,343761	8,887933	
0,078702	0,078702	0,232895	0,232895	2,794481	3,569591	3,805602	4,082284	4,343761	8,887933	
0,078702	0,078702	0,232895	0,232895	2,794481	2,794481	3,415397	3,805602	3,805602	5,378894	
0,078702	0,078702	0,232895	0,232895	2,794481	2,794481	3,415397	3,805602	3,805602	5,378894	
0,078702	0,078702	1,128413	2,794481	2,794481	3,415397	3,415397	3,569591	3,805602	16,448940	
0,078702	0,078702	1,128413	2,794481	2,794481	3,415397	3,415397	3,569591	3,805602	16,448940	
0,078702	0,078702	0,232895	1,128413	1,807952	2,794481	2,794481	3,569591	12,726070	19,010527	
0,078702	0,078702	0,232895	1,128413	1,807952	2,794481	2,794481	3,569591	12,726070	19,010527	
0,078702	0,078702	0,078702	0,232895	1,128413	1,953687	2,794481	2,794481	11,038519	14,102943	
0,078702	0,078702	0,078702	0,232895	1,128413	1,953687	2,794481	2,794481	11,038519	14,102943	
0,078702	0,078702	0,078702	0,232895	1,128413	1,128413	7,772006	11,038519	14,102943	20,648550	
0,078702	0,078702	0,078702	0,232895	1,128413	1,128413	7,772006	11,038519	14,102943	20,648550	
0,078702	0,078702	0,078702	0,078702	0,081183	0,232895	0,232895	0,974220	3,458880	7,926199	
0,078702	0,078702	0,078702	0,078702	0,081183	0,232895	0,232895	0,974220	3,458880	7,926199	
0,078702	0,078702	0,078702	0,078702	0,078702	0,078702	0,232895	0,974220	7,926199	13,655136	
0,078702	0,078702	0,078702	0,078702	0,078702	0,078702	0,232895	0,974220	7,926199	13,655136	
0,078702	0,078702	0,078702	0,078702	0,078702	0,078702	0,078702	0,232895	2,971728	7,926199	
0,078702	0,078702	0,078702	0,078702	0,078702	0,078702	0,078702	0,232895	2,971728	7,926199	
0,078702	0,078702	0,078702	0,078702	0,078702	0,078702	0,232895	3,125921	7,772006	14,097785	
0,078702	0,078702	0,078702	0,078702	0,078702	0,078702	0,232895	3,125921	7,772006	14,097785	
0,078702	0,078702	0,078702	0,078702	0,078702	0,078702	4,102012	6,908920	14,097785	14,716691	
0,078702	0,078702	0,078702	0,078702	0,078702	0,078702	4,102012	6,908920	14,097785	14,716691	
0,078702	0,078702	0,078702	0,078702	0,078702	0,078702	0,078702	1,322381	3,439588	14,716691	
0,078702	0,078702	0,078702	0,078702	0,078702	0,078702	0,078702	1,322381	3,439588	14,716691	
0,078702	0,078702	0,078702	0,078702	0,078702	0,078702	0,078702	1,407637	13,870847	20,957438	
0,078702	0,078702	0,078702	0,078702	0,078702	0,078702	0,078702	1,407637	13,870847	20,957438	
0,078702	0,078702	0,115524	0,193643	0,620960	1,210892	1,407637	6,918521	9,098261	20,957438	
0,078702	0,078702	0,115524	0,193643	0,620960	1,210892	1,407637	6,918521	9,098261	20,957438	
0,078702	0,193643	0,193643	0,193643	0,620960	1,210892	13,466553	15,879447	20,957438	20,957438	
0,078702	0,193643	0,193643	0,193643	0,620960	1,210892	13,466553	15,879447	20,957438	20,957438	
0,078702	0,078702	0,193643	0,193643	0,193643	0,735902	1,210892	1,210892	5,003745	20,957438	
0,078702	0,078702	0,193643	0,193643	0,193643	0,735902	1,210892	1,210892	5,003745	20,957438	
0,078702	0,078702	0,078702	0,193643	0,193643	0,193643	0,193643	14,255455	20,954090	26,207687	
0,078702	0,078702	0,078702	0,193643	0,193643	0,193643	0,193643	14,255455	20,954090	26,207687	
0,078702	0,193643	0,193643	2,418015	7,050673	8,870604	10,321158	15,240357	16,329166	22,614988	
0,078702	0,193643	0,193643	2,418015	7,050673	8,870604	10,321158	15,240357	16,329166	22,614988	
0,078702	0,078702	0,193643	0,193643	2,418015	7,050673	12,059710	15,316096	23,044773	35,210316	
0,078702	0,078702	0,193643	0,193643	2,418015	7,050673	12,059710	15,316096	23,044773	35,210316	
0,193643	0,193643	2,418015	2,418015	2,795115	7,050673	12,353251	16,072802	25,893526	35,210316	
0,193643	0,193643	2,418015	2,418015	2,795115	7,050673	12,353251	16,072802	25,893526	35,210316	
0,078702	0,193643	0,193643	2,418015	2,418015	2,418015	2,795115	4,400944	16,072802	34,248322	
0,078702	0,193643	0,193643	2,418015	2,418015	2,418015	2,795115	4,400944	16,072802	34,248322	
0,078702	0,078702	0,193643	2,256925	2,418015	2,418015	3,882646	16,187742	21,428905	24,620403	
0,078702	0,078702	0,193643	2,256925	2,418015	2,418015	3,882646	16,187742	21,428905	24,620403	
0,078702	0,078702	0,078702	2,418015	3,882646	10,546827	16,187742	16,187742	21,428905	24,620403	
0,078702	0,078702	0,078702	2,418015	3,882646	10,546827	16,187742	16,187742	21,428905	24,620403	
0,023690	0,078702	0,078702	1,999225	2,114166	2,418015	10,546827	17,539045	20,157574	24,620403	
0,023690	0,078702	0,078702	1,999225	2,114166	2,418015	10,546827	17,539045	20,157574	24,620403	
0,023690	0,078702	0,427446	1,999225	1,999225	2,114166	2,162201	8,854494	17,653986	18,973005	
0,023690	0,078702	0,427446	1,999225	1,999225	2,114166	2,162201	8,854494	17,653986	18,973005	
0,023690	0,078702	0,078702	0,078702	0,427446	1,999225	1,999225	4,157128	9,203238	14,610393	
0,023690	0,078702	0,078702	0,078702	0,427446	1,999225	1,999225	4,157128	9,203238	14,610393	
0,023690	0,078702	0,078702	0,078702	0,078702	0,078702	4,338497	4,973117	14,610393	16,530916	
0,023690	0,078702	0,078702	0,078702	0,078702	0,078702	4,338497	4,973117	14,610393	16,530916	
0,023690	0,023690	0,078702	0,078702	0,078702	0,078702	9,685901	14,936492	18,171267	21,655033	
0,023690	0,023690	0,078702	0,078702	0,078702	0,078702	9,685901	14,936492	18,171267	21,655033	
0,023690	0,023690	0,078702	0,078702	0,078702	2,861822	4,803606	14,272165	18,171267	21,655033	
0,023690	0,023690	0,078702	0,078702	0,078702	2,861822	4,803606	14,272165	18,171267	21,655033	
0,023690	0,078702	0,078702	0,078702	1,647991	2,861822	5,053854	14,272165	20,368542	21,655033	
0,023690	0,078702	0,078702	0,078702	1,647991	2,861822	5,053854	14,272165	20,368542	21,655033	
0,078516	0,078702	0,078702	1,647991	2,815246	6,838099	8,059332	13,652421	16,945963	21,655033	
0,078516	0,078702	0,078702	1,647991	2,815246	6,838099	8,059332	13,652421	16,945963	21,655033	
0,023690	0,078702	1,647991	1,647991	1,703003	7,964573	12,088408	13,652421	16,269243	21,655033	
0,023690	0,078702	1,647991	1,647991	1,703003	7,964573	12,088408	13,652421	16,269243	21,655033	
0,023690	0,023690	0,078702	1,647991	1,703003	13,652421	16,384018	18,324541	21,655033	23,279333	
0,023690	0,023690	0,078702	1,647991	1,703003	13,652421	16,384018	18,324541	21,655033	23,279333	
0,023690	0,023690	0,023690	0,078702	0,078702	1,647991	1,647991	1,703003	8,516115	21,655033	
0,023690	0,023690	0,023690	0,078702	0,078702	1,647991	1,647991	1,703003	8,516115	21,655033	
0,023690	0,023690	0,023690	0,023690	0,023690	0,023690	0,078702	1,647991	1,647991	16,625927	
0,023690	0,023690	0,023690	0,023690	0,023690	0,023690	0,078702	1,647991	1,647991	16,625927	
0,023690	0,023690	0,023690	0,023690	0,023690	0,023690	0,078702	1,647991	10,917891	22,010494	
0,023690	0,023690	0,023690	0,023690	0,023690	0,023690	0,078702	1,647991	10,917891	22,010494	
0,023690	0,023690	0,023690	0,023690	0,078702	1,647991	2,372614	21,948269	23,680023	26,412901	
0,023690	0,023690	0,023690	0,023690	0,078702	1,647991	2,372614	21,948269	23,680023	26,412901	
0,023690	0,023690	0,023690	0,104841	0,311917	0,751960	1,647991	1,647991	4,426096	22,010494	
0,023690	0,023690	0,023690	0,104841	0,311917	0,751960	1,647991	1,647991	4,426096	22,010494	
0,023690	0,023690	0,023690	0,023690	0,751960	0,751960	1,647991	1,647991	1,647991	18,064150	
0,023690	0,023690	0,023690	0,023690	0,751960	0,751960	1,647991	1,647991	1,647991	18,064150	
0,023690	0,023690	0,023690	0,023690	0,023690	0,023690	0,751960	0,751960	12,596583	25,681627	
0,023690	0,023690	0,023690	0,023690	0,023690	0,023690	0,751960	0,751960	12,596583	25,681627	
0,023690	0,023690	0,023690	0,023690	0,751960	0,751960	1,223766	1,417075	2,697962	19,203451	
0,023690	0,023690	0,023690	0,023690	0,751960	0,751960	1,223766	1,417075	2,697962	19,203451	
0,023690	0,023690	0,023690	0,751960	1,223766	1,362625	3,158138	7,378874	13,250269	24,029911	
0,023690	0,023690	0,023690	0,751960	1,223766	1,362625	3,158138	7,378874	13,250269	24,029911	
0,023690	0,023690	0,023690	0,023690	0,023690	0,129147	0,751960	1,362625	3,158138	13,250269	
0,023690	0,023690	0,023690	0,023690	0,023690	0,129147	0,751960	1,362625	3,158138	13,250269	
0,023690	0,023690	0,023690	0,751960	1,362625	1,362625	3,878226	13,250269	13,903485	18,069374	
0,023690	0,023690	0,023690	0,751960	1,362625	1,362625	3,878226	13,250269	13,903485	18,069374	
0,023690	0,023690	0,023690	0,469167	1,672486	3,878226	3,878226	8,568320	9,394297	18,069374	
0,023690	0,023690	0,023690	0,469167	1,672486	3,878226	3,878226	8,568320	9,394297	18,069374	
0,023690	0,023690	0,023690	0,023690	3,878226	3,878226	4,323703	8,568320	8,568320	18,069374	
0,023690	0,023690	0,023690	0,023690	3,878226	3,878226	4,323703	8,568320	8,568320	18,069374	
0,023690	0,023690	0,023690	3,582757	3,878226	3,878226	3,878226	4,644114	12,284541	20,376823	
0,023690	0,023690	0,023690	3,582757	3,878226	3,878226	3,878226	4,644114	12,284541	20,376823	
0,023690	0,023690	0,023690	0,469167	3,582757	3,582757	3,876981	4,644114	10,102080	19,931347	
0,023690	0,023690	0,023690	0,469167	3,582757	3,582757	3,876981	4,644114	10,102080	19,931347	
0,023690	0,023690	0,033005	0,275862	1,066399	3,582757	3,582757	4,644114	7,273746	8,953600	
0,023690	0,023690	0,033005	0,275862	1,066399	3,582757	3,582757	4,644114	7,273746	8,953600	
0,023690	0,023690	0,023690	1,005720	1,075714	1,487721	1,634692	5,671192	10,809479	25,859137	
0,023690	0,023690	0,023690	1,005720	1,075714	1,487721	1,634692	5,671192	10,809479	25,859137	
0,023690	0,023690	0,033005	0,996406	1,075714	1,478407	1,487721	1,634692	7,873788	10,800398	
0,023690	0,023690	0,033005	0,996406	1,075714	1,478407	1,487721	1,634692	7,873788	10,800398	
0,023690	0,207578	0,996406	1,066399	1,487721	7,873788	7,873788	10,800398	18,463461	25,611549	
0,023690	0,207578	0,996406	1,066399	1,487721	7,873788	7,873788	10,800398	18,463461	25,611549	
0,023690	0,033005	0,207578	0,207578	0,322445	1,487721	7,873788	10,800398	17,117163	25,786121	
0,023690	0,033005	0,207578	0,207578	0,322445	1,487721	7,873788	10,800398	17,117163	25,786121	
0,023690	0,023690	0,023690	0,322445	1,666544	3,630386	7,873788	13,513478	15,734281	29,704050	
0,023690	0,023690	0,023690	0,322445	1,666544	3,630386	7,873788	13,513478	15,734281	29,704050	
0,023690	0,023690	0,023690	0,312181	0,322445	0,322445	5,638195	7,873788	8,172543	29,704050	
0,023690	0,023690	0,023690	0,312181	0,322445	0,322445	5,638195	7,873788	8,172543	29,704050	
0,023690	0,023690	0,023690	0,023690	0,023690	0,023690	0,023690	0,312181	0,312181	5,638195	
0,023690	0,023690	0,023690	0,023690	0,023690	0,023690	0,023690	0,312181	0,312181	5,638195	
0,023690	0,023690	0,023690	0,023690	0,023690	0,023690	0,023690	0,023690	0,312181	15,258368	
0,023690	0,023690	0,023690	0,023690	0,023690	0,023690	0,023690	0,023690	0,312181	15,258368	
0,023690	0,023690	0,023690	0,023690	0,023690	0,023690	0,536096	9,213718	20,325323	24,379288	
0,023690	0,023690	0,023690	0,023690	0,023690	0,023690	0,536096	9,213718	20,325323	24,379288	
0,023690	0,023690	0,023690	0,023690	0,023690	0,023690	0,536096	0,536096	24,379288	24,461636	
0,023690	0,023690	0,023690	0,023690	0,023690	0,023690	0,536096	0,536096	24,379288	24,461636	
0,023690	0,536096	2,473054	3,827909	7,477880	9,213718	14,449063	23,232269	25,663115	33,802414	
0,023690	0,536096	2,473054	3,827909	7,477880	9,213718	14,449063	23,232269	25,663115	33,802414	
0,023690	0,038877	0,046352	1,878709	2,473054	3,827909	4,391795	5,422673	23,232269	25,070740	
0,023690	0,038877	0,046352	1,878709	2,473054	3,827909	4,391795	5,422673	23,232269	25,070740	
0,023690	0,023690	0,025696	0,033642	0,046352	2,473054	2,473054	4,623796	23,232269	27,637054	
0,023690	0,023690	0,025696	0,033642	0,046352	2,473054	2,473054	4,623796	23,232269	27,637054	
0,023690	0,023690	0,025696	0,033642	0,035648	0,046352	0,690869	2,473054	9,050426	22,411093	
0,023690	0,023690	0,025696	0,033642	0,035648	0,046352	0,690869	2,473054	9,050426	22,411093	
0,023690	0,023690	0,023690	0,025696	0,033642	0,100723	0,474044	4,076658	14,455255	15,252839	
0,023690	0,023690	0,023690	0,025696	0,033642	0,100723	0,474044	4,076658	14,455255	15,252839	
0,023690	0,025696	0,025696	0,025696	2,461974	3,318271	4,074652	4,076658	11,647479	15,252839	
0,023690	0,025696	0,025696	0,025696	2,461974	3,318271	4,074652	4,076658	11,647479	15,252839	
0,023690	0,023690	0,025696	3,226289	3,318271	3,318271	5,580701	5,756555	11,647479	17,309990	
0,023690	0,023690	0,025696	3,226289	3,318271	3,318271	5,580701	5,756555	11,647479	17,309990	
0,023690	0,023690	0,023690	0,025696	2,461974	3,318271	3,318271	3,318271	8,875282	11,647479	
0,023690	0,023690	0,023690	0,025696	2,461974	3,318271	3,318271	3,318271	8,875282	11,647479	
0,023690	0,023690	0,023690	0,023690	1,274513	2,461974	3,318271	3,318271	8,875282	11,647479	
0,023690	0,023690	0,023690	0,023690	1,274513	2,461974	3,318271	3,318271	8,875282	11,647479	
0,023690	0,023690	0,023690	0,023690	0,023690	0,023690	0,921805	2,461974	3,766657	15,106039	
0,023690	0,023690	0,023690	0,023690	0,023690	0,023690	0,921805	2,461974	3,766657	15,106039	
0,023690	0,023690	0,023690	0,023690	0,023690	0,023690	0,023690	0,915983	11,495846	26,086941	
0,023690	0,023690	0,023690	0,023690	0,023690	0,023690	0,023690	0,915983	11,495846	26,086941	
0,017868	0,023690	0,023690	0,023690	0,023690	0,566400	0,921805	11,495846	13,417825	26,086941	
0,017868	0,023690	0,023690	0,023690	0,023690	0,566400	0,921805	11,495846	13,417825	26,086941	
0,023690	0,023690	0,023690	0,023690	0,566400	0,921805	1,171369	1,704104	11,495846	25,714529	
0,023690	0,023690	0,023690	0,023690	0,566400	0,921805	1,171369	1,704104	11,495846	25,714529	
0,023690	0,023690	0,566400	0,566400	1,275556	8,527316	10,200817	11,200589	25,714529	25,714529	
0,023690	0,023690	0,566400	0,566400	1,275556	8,527316	10,200817	11,200589	25,714529	25,714529	
0,023690	0,023690	0,023690	0,023690	0,023690	0,566400	0,566400	1,275556	11,200589	25,714529	
0,023690	0,023690	0,023690	0,023690	0,023690	0,566400	0,566400	1,275556	11,200589	25,714529	
0,023690	0,023690	0,023690	0,023690	0,023690	0,023690	0,023690	0,566400	0,566400	11,157892	
0,023690	0,023690	0,023690	0,023690	0,023690	0,023690	0,023690	0,566400	0,566400	11,157892	
0,023690	0,023690	0,023690	0,023690	0,023690	0,023690	0,023690	0,566400	11,157892	20,052776	
0,023690	0,023690	0,023690	0,023690	0,023690	0,023690	0,023690	0,566400	11,157892	20,052776	
0,023690	0,023690	0,023690	0,023690	0,023690	0,023690	0,566400	9,693324	11,157892	25,648165	
0,023690	0,023690	0,023690	0,023690	0,023690	0,023690	0,566400	9,693324	11,157892	25,648165	
0,023690	0,023690	0,023690	0,023690	0,023690	0,023690	0,037996	2,373164	4,545851	9,693324	
0,023690	0,023690	0,023690	0,023690	0,023690	0,023690	0,037996	2,373164	4,545851	9,693324	
0,023690	0,023690	0,023690	0,023690	0,023690	0,710396	0,832133	6,895326	9,693324	13,506109	
0,023690	0,023690	0,023690	0,023690	0,023690	0,710396	0,832133	6,895326	9,693324	13,506109	
0,023690	0,023690	0,023690	0,112344	0,710396	0,740984	4,545851	9,693324	12,042798	23,082073	
0,023690	0,023690	0,023690	0,112344	0,710396	0,740984	4,545851	9,693324	12,042798	23,082073	
0,023690	0,023690	0,023690	0,023690	0,710396	0,740984	2,373164	3,479879	4,545851	9,693324	
0,023690	0,023690	0,023690	0,023690	0,710396	0,740984	2,373164	3,479879	4,545851	9,693324	
0,023690	0,023690	0,023690	0,740984	0,740984	0,740984	2,462823	3,449291	15,839822	15,867623	
0,023690	0,023690	0,023690	0,740984	0,740984	0,740984	2,462823	3,449291	15,839822	15,867623	
0,023690	0,023690	0,710396	0,769695	1,357468	2,462823	2,462823	2,762585	3,313439	25,677719	
0,023690	0,023690	0,710396	0,769695	1,357468	2,462823	2,462823	2,762585	3,313439	25,677719	
0,023690	0,023690	0,023690	0,023690	0,710396	0,769695	0,791929	2,462823	17,851377	25,677719	
0,023690	0,023690	0,023690	0,023690	0,710396	0,769695	0,791929	2,462823	17,851377	25,677719	
0,023690	0,023690	0,023690	0,023690	0,042829	0,710396	3,589536	7,976622	17,851377	25,677719	
0,023690	0,023690	0,023690	0,023690	0,042829	0,710396	3,589536	7,976622	17,851377	25,677719	
0,023690	0,023690	0,023690	0,531450	0,710396	0,807617	2,041715	3,589536	17,851377	22,883354	
0,023690	0,023690	0,023690	0,531450	0,710396	0,807617	2,041715	3,589536	17,851377	22,883354	
0,023690	0,023690	0,023690	0,023690	0,023690	3,589536	22,358259	22,706337	22,883354	48,135422	
0,023690	0,023690	0,023690	0,023690	0,023690	3,589536	22,358259	22,706337	22,883354	48,135422	
0,023690	0,023690	0,023690	0,023690	0,023690	0,023690	2,041933	2,416537	22,883354	25,275759	
0,023690	0,023690	0,023690	0,023690	0,023690	0,023690	2,041933	2,416537	22,883354	25,275759	
0,023690	0,023690	0,023690	0,023690	0,023690	0,931185	10,154899	12,084610	25,275759	32,503391	
0,023690	0,023690	0,023690	0,023690	0,023690	0,931185	10,154899	12,084610	25,275759	32,503391	
0,023690	0,023690	0,023690	4,969559	7,251322	8,336156	10,154899	10,154899	15,377465	25,275759	
0,023690	0,023690	0,023690	4,969559	7,251322	8,336156	10,154899	10,154899	15,377465	25,275759	
0,023690	1,108524	3,824944	3,827984	8,336156	10,154899	11,051646	11,433058	12,197191	26,650879	
0,023690	1,108524	3,824944	3,827984	8,336156	10,154899	11,051646	11,433058	12,197191	26,650879	
0,023690	1,108524	1,108524	3,925012	7,251322	11,051646	11,055615	11,488652	12,197191	19,423248	
0,023690	1,108524	1,108524	3,925012	7,251322	11,051646	11,055615	11,488652	12,197191	19,423248	
0,666082	1,108524	1,108524	1,108524	3,827984	3,925012	11,051646	11,051646	18,716284	20,419720	
0,666082	1,108524	1,108524	1,108524	3,827984	3,925012	11,051646	11,051646	18,716284	20,419720	
1,108524	1,108524	1,108524	3,827984	3,827984	3,827984	4,220291	10,039592	11,051646	11,488652	
1,108524	1,108524	1,108524	3,827984	3,827984	3,827984	4,220291	10,039592	11,051646	11,488652	
1,103208	1,108524	3,513067	3,806043	3,827984	3,827984	8,091733	11,051646	14,817958	14,937860	
1,103208	1,108524	3,513067	3,806043	3,827984	3,827984	8,091733	11,051646	14,817958	14,937860	
0,428369	1,108524	1,108524	3,806043	3,827984	3,828518	8,091733	8,781974	14,937860	35,694027	
0,428369	1,108524	1,108524	3,806043	3,827984	3,828518	8,091733	8,781974	14,937860	35,694027	
1,108524	1,108524	1,108524	3,806043	3,827984	8,091733	8,091733	14,937860	14,937860	20,927217	
1,108524	1,108524	1,108524	3,806043	3,827984	8,091733	8,091733	14,937860	14,937860	20,927217	
1,108524	1,108524	1,108524	3,827984	3,827984	5,618276	7,556471	11,024135	20,927217	20,927217	
1,108524	1,108524	1,108524	3,827984	3,827984	5,618276	7,556471	11,024135	20,927217	20,927217	
1,108524	1,108524	1,108524	1,108524	3,827984	4,788728	5,683689	8,304675	8,337735	12,811850	
1,108524	1,108524	1,108524	1,108524	3,827984	4,788728	5,683689	8,304675	8,337735	12,811850	
1,108524	1,108524	1,108524	1,108524	1,108524	1,108524	1,847655	3,827984	5,683689	11,874458	
1,108524	1,108524	1,108524	1,108524	1,108524	1,108524	1,847655	3,827984	5,683689	11,874458	
1,108524	1,108524	1,108524	1,108524	1,847655	1,847655	3,663266	5,683689	17,332851	23,148926	
1,108524	1,108524	1,108524	1,108524	1,847655	1,847655	3,663266	5,683689	17,332851	23,148926	
1,108524	1,108524	1,108524	1,108524	1,800007	1,847655	3,663266	6,661499	15,020664	17,332851	
1,108524	1,108524	1,108524	1,108524	1,800007	1,847655	3,663266	6,661499	15,020664	17,332851	
1,108524	1,108524	1,108524	1,311667	2,413377	3,048262	3,663266	6,661499	7,459183	26,328144	
1,108524	1,108524	1,108524	1,311667	2,413377	3,048262	3,663266	6,661499	7,459183	26,328144	
1,108524	2,413377	3,663266	5,445937	5,988196	6,661499	6,939657	9,242226	18,540283	26,682505	
1,108524	2,413377	3,663266	5,445937	5,988196	6,661499	6,939657	9,242226	18,540283	26,682505	
1,108524	1,108524	1,108524	2,413377	5,445937	9,242226	21,095024	21,095024	23,932116	25,077284	
1,108524	1,108524	1,108524	2,413377	5,445937	9,242226	21,095024	21,095024	23,932116	25,077284	
1,108524	1,108524	1,108524	3,663266	5,056278	5,445937	15,759710	18,540283	18,630850	21,129530	
1,108524	1,108524	1,108524	3,663266	5,056278	5,445937	15,759710	18,540283	18,630850	21,129530	
1,108524	1,108524	2,413377	3,663266	9,096846	14,138481	15,939095	18,792271	21,319822	37,435776	
1,108524	1,108524	2,413377	3,663266	9,096846	14,138481	15,939095	18,792271	21,319822	37,435776	
2,413377	3,663266	6,934701	8,195036	9,096846	9,096846	9,862722	15,939095	37,435776	37,435776	
2,413377	3,663266	6,934701	8,195036	9,096846	9,096846	9,862722	15,939095	37,435776	37,435776	
2,413377	3,663266	5,461212	7,912117	8,155935	8,195036	8,195036	8,195036	9,096846	18,340750	
2,413377	3,663266	5,461212	7,912117	8,155935	8,195036	8,195036	8,195036	9,096846	18,340750	
0,154915	2,308553	2,529664	2,761456	3,663266	4,520302	5,461212	8,155935	9,096846	9,096846	
0,154915	2,308553	2,529664	2,761456	3,663266	4,520302	5,461212	8,155935	9,096846	9,096846	
0,194015	0,760590	2,308553	2,308553	2,529664	2,529664	2,722356	3,663266	5,461212	9,096846	
0,194015	0,760590	2,308553	2,308553	2,529664	2,529664	2,722356	3,663266	5,461212	9,096846	
0,194015	1,212112	1,367643	1,511567	1,701500	2,308553	2,529664	2,722356	23,018188	24,486441	
0,194015	1,212112	1,367643	1,511567	1,701500	2,308553	2,529664	2,722356	23,018188	24,486441	
0,194015	0,194015	1,367643	1,511567	1,511567	1,701500	2,308553	2,308553	2,308553	2,529664	
0,194015	0,194015	1,367643	1,511567	1,511567	1,701500	2,308553	2,308553	2,308553	2,529664	
0,194015	1,367643	1,406743	1,511567	1,511567	2,308553	2,529664	13,038854	16,750961	20,354242	
0,194015	1,367643	1,406743	1,511567	1,511567	2,308553	2,529664	13,038854	16,750961	20,354242	
0,194015	1,130009	1,406743	1,472467	1,511567	1,511567	2,959012	6,654157	13,038854	20,354242	
0,194015	1,130009	1,406743	1,472467	1,511567	1,511567	2,959012	6,654157	13,038854	20,354242	
0,194015	0,194015	1,472467	1,472467	1,511567	1,511567	1,511567	3,876263	6,549332	20,354242	
0,194015	0,194015	1,472467	1,472467	1,511567	1,511567	1,511567	3,876263	6,549332	20,354242	
0,154915	0,194015	0,194015	1,472467	1,511567	1,511567	1,511567	3,059686	11,014456	22,332315	
0,154915	0,194015	0,194015	1,472467	1,511567	1,511567	1,511567	3,059686	11,014456	22,332315	
0,057091	0,154915	0,154915	1,472467	1,511567	1,511567	1,511567	1,916346	4,589598	12,290825	
0,057091	0,154915	0,154915	1,472467	1,511567	1,511567	1,511567	1,916346	4,589598	12,290825	
0,057091	0,057091	0,154915	1,472467	4,198737	8,285823	8,774635	9,199545	18,943045	19,941599	
0,057091	0,057091	0,154915	1,472467	4,198737	8,285823	8,774635	9,199545	18,943045	19,941599	
0,057091	0,057091	0,057091	0,057091	0,154915	0,154915	1,472467	4,550498	5,207792	18,943045	
0,057091	0,057091	0,057091	0,057091	0,154915	0,154915	1,472467	4,550498	5,207792	18,943045	
0,154915	0,154915	0,154915	1,177157	1,374643	1,374643	4,550498	9,288153	18,943045	18,943045	
0,154915	0,154915	0,154915	1,177157	1,374643	1,374643	4,550498	9,288153	18,943045	18,943045	
0,057091	0,057091	2,494709	3,477628	3,890240	5,552828	13,690144	14,062774	14,689871	18,943045	
0,057091	0,057091	2,494709	3,477628	3,890240	5,552828	13,690144	14,062774	14,689871	18,943045	
0,057091	1,472467	3,477628	3,890240	3,890240	5,552828	11,703215	16,067934	18,943045	18,943045	
0,057091	1,472467	3,477628	3,890240	3,890240	5,552828	11,703215	16,067934	18,943045	18,943045	
0,135781	0,154915	0,154915	1,432851	2,476158	3,477628	5,207792	9,288153	11,703215	16,067934	
0,135781	0,154915	0,154915	1,432851	2,476158	3,477628	5,207792	9,288153	11,703215	16,067934	
0,141659	0,154915	1,371842	1,432851	1,432851	1,453333	2,160076	2,476158	16,067934	20,795668	
0,141659	0,154915	1,371842	1,432851	1,432851	1,453333	2,160076	2,476158	16,067934	20,795668	
0,154915	0,564543	1,274018	1,371842	1,432851	1,472467	1,530675	2,476158	4,372111	12,187551	
0,154915	0,564543	1,274018	1,371842	1,432851	1,472467	1,530675	2,476158	4,372111	12,187551	
0,096788	0,154915	0,154915	1,371842	1,371842	1,371842	1,472467	2,328623	2,378334	8,176863	
0,096788	0,154915	0,154915	1,371842	1,371842	1,371842	1,472467	2,328623	2,378334	8,176863	
0,100038	0,154915	0,154915	1,371842	1,371842	1,371842	1,371842	1,371842	1,605055	20,948385	
0,100038	0,154915	0,154915	1,371842	1,371842	1,371842	1,371842	1,371842	1,605055	20,948385	
0,100038	1,313714	1,371842	1,375703	3,341175	9,291575	15,438595	20,948385	21,006514	22,823050	
0,100038	1,313714	1,371842	1,375703	3,341175	9,291575	15,438595	20,948385	21,006514	22,823050	
0,100038	0,100038	1,371842	1,371842	1,371842	9,233448	9,291575	22,764921	22,823050	32,275097	
0,100038	0,100038	1,371842	1,371842	1,371842	9,233448	9,291575	22,764921	22,823050	32,275097	
0,100038	0,100038	0,100038	0,100038	1,371842	1,917711	11,426749	18,687551	20,948385	47,555519	
0,100038	0,100038	0,100038	0,100038	1,371842	1,917711	11,426749	18,687551	20,948385	47,555519	
0,100038	3,294679	8,748538	9,782401	22,764921	23,066786	24,733122	26,708309	45,738983	47,555519	
0,100038	3,294679	8,748538	9,782401	22,764921	23,066786	24,733122	26,708309	45,738983	47,555519	
0,100038	0,158166	0,158166	1,501840	8,195591	9,724274	13,306777	22,823050	36,688549	47,555519	
0,100038	0,158166	0,158166	1,501840	8,195591	9,724274	13,306777	22,823050	36,688549	47,555519	
0,100038	0,158166	5,000950	5,059078	6,949418	9,724274	9,900988	14,371792	26,347425	40,367599	
0,100038	0,158166	5,000950	5,059078	6,949418	9,724274	9,900988	14,371792	26,347425	40,367599	
0,100038	0,158166	0,158166	5,059078	8,824487	9,724274	9,900988	27,025085	35,450275	40,367599	
0,100038	0,158166	0,158166	5,059078	8,824487	9,724274	9,900988	27,025085	35,450275	40,367599	
0,158166	0,158166	0,158166	0,200196	5,569677	9,487970	19,369043	27,025085	27,025085	36,628220	
0,158166	0,158166	0,158166	0,200196	5,569677	9,487970	19,369043	27,025085	27,025085	36,628220	
0,158166	0,158166	0,158166	0,200196	5,569677	9,782401	13,661473	17,400850	19,369043	23,166945	
0,158166	0,158166	0,158166	0,200196	5,569677	9,782401	13,661473	17,400850	19,369043	23,166945	
0,158166	0,158166	0,158166	0,158166	0,200196	0,200196	9,782401	13,661473	19,659636	23,166945	
0,158166	0,158166	0,158166	0,158166	0,200196	0,200196	9,782401	13,661473	19,659636	23,166945	
0,055937	0,158166	0,158166	0,158166	0,158166	0,200196	0,200196	0,440926	6,930476	23,124914	
0,055937	0,158166	0,158166	0,158166	0,158166	0,200196	0,200196	0,440926	6,930476	23,124914	
0,158166	0,158166	0,158166	0,158166	0,169047	0,200196	0,200196	0,200196	1,856367	13,670895	
0,158166	0,158166	0,158166	0,158166	0,169047	0,200196	0,200196	0,200196	1,856367	13,670895	
0,158166	0,158166	0,158166	0,158166	0,169047	0,217395	0,348167	4,457023	14,251532	15,804912	
0,158166	0,158166	0,158166	0,158166	0,169047	0,217395	0,348167	4,457023	14,251532	15,804912	
0,016732	0,158166	0,158166	0,158166	0,348167	2,691358	3,040066	3,329772	6,830930	13,049601	
0,016732	0,158166	0,158166	0,158166	0,348167	2,691358	3,040066	3,329772	6,830930	13,049601	
0,158166	0,158166	0,158166	0,158166	0,158166	0,216803	0,575875	3,040066	3,329772	6,830930	
0,158166	0,158166	0,158166	0,158166	0,158166	0,216803	0,575875	3,040066	3,329772	6,830930	
0,026803	0,158166	0,216803	0,216803	0,348167	2,542992	4,791489	6,830930	13,047427	24,284601	
0,026803	0,158166	0,216803	0,216803	0,348167	2,542992	4,791489	6,830930	13,047427	24,284601	
0,158166	0,216803	0,216803	0,561805	0,662934	2,255820	6,945647	7,866387	26,407522	34,524536	
0,158166	0,216803	0,216803	0,561805	0,662934	2,255820	6,945647	7,866387	26,407522	34,524536	
0,026803	0,158166	0,216803	0,662934	6,945647	13,237428	15,145407	15,559754	21,503912	34,524536	
0,026803	0,158166	0,216803	0,662934	6,945647	13,237428	15,145407	15,559754	21,503912	34,524536	
0,158166	0,216803	0,216803	1,397964	13,047427	13,047427	13,237428	20,098167	20,886391	21,503912	
0,158166	0,216803	0,216803	1,397964	13,047427	13,047427	13,237428	20,098167	20,886391	21,503912	
0,026803	0,158166	0,325794	0,553800	2,750696	3,577638	4,382306	12,516833	13,047427	20,098167	
0,026803	0,158166	0,325794	0,553800	2,750696	3,577638	4,382306	12,516833	13,047427	20,098167	
0,026803	0,158166	2,295511	2,750696	3,577638	4,283846	14,492503	20,098167	20,098167	32,588200	
0,026803	0,158166	2,295511	2,750696	3,577638	4,283846	14,492503	20,098167	20,098167	32,588200	
0,026803	0,158166	2,295511	3,577638	4,283846	18,494087	20,098167	24,540287	26,174862	32,588200	
