2,887234	5,567521	6,604363	9,215522	9,130337	10,288125	10,973283	10,211268	10,152020	11,487282	
2,034440	2,580504	3,972003	4,490842	4,992133	6,203731	6,567358	6,403632	8,835861	11,129181	
2,034440	2,580504	3,972003	4,490842	4,992133	6,203731	6,403632	6,567358	8,835861	11,129181	
1,407316	1,600470	3,275229	3,877641	4,147603	4,234339	5,162724	5,288646	6,518111	7,306054	
1,407316	1,600470	3,275229	3,877641	4,147603	4,234339	5,162724	5,288646	6,518111	7,306054	
0,957458	1,284855	1,757696	2,388437	2,486559	2,727224	2,727224	3,333402	5,345530	5,782226	
0,957458	1,284855	1,757696	2,388437	2,486559	2,727224	2,727224	3,333402	5,345530	5,782226	
0,057531	0,486451	0,565914	1,338271	4,557112	3,460259	6,142586	7,783808	9,839611	9,721775	
0,057531	0,486451	0,565914	1,338271	3,460259	4,557112	6,142586	7,783808	9,721775	9,839611	
0,175328	0,551375	0,689907	3,461283	3,461283	3,247737	4,214970	6,623233	6,623233	10,808508	
0,175328	0,551375	0,689907	3,247737	3,461283	3,461283	4,214970	6,623233	6,623233	10,808508	
0,312501	0,605645	2,235337	2,771967	2,832112	3,136014	3,136014	5,948794	7,448028	11,278820	
0,312501	0,605645	2,235337	2,771967	2,832112	3,136014	3,136014	5,948794	7,448028	11,278820	
0,449424	1,219181	1,804421	1,855246	3,296023	4,506534	2,771149	2,972721	7,821127	11,087951	
0,449424	1,219181	1,804421	1,855246	2,771149	2,972721	3,296023	4,506534	7,821127	11,087951	
0,571522	1,482069	3,098960	2,805732	4,085875	5,219886	6,509503	6,509503	6,908884	8,295213	
0,571522	1,482069	2,805732	3,098960	4,085875	5,219886	6,509503	6,509503	6,908884	8,295213	
0,786648	0,786648	2,808666	3,112491	3,239529	2,671977	2,931798	5,801132	8,690136	7,115936	
0,786648	0,786648	2,671977	2,808666	2,931798	3,112491	3,239529	5,801132	7,115936	8,690136	
0,386956	0,786648	1,734043	1,957426	2,674927	2,674927	3,781473	6,265073	7,485453	11,707994	
0,386956	0,786648	1,734043	1,957426	2,674927	2,674927	3,781473	6,265073	7,485453	11,707994	
0,255661	0,255661	0,979696	2,260293	3,645902	4,535577	4,933587	7,193639	8,154665	11,181822	
0,255661	0,255661	0,979696	2,260293	3,645902	4,535577	4,933587	7,193639	8,154665	11,181822	
0,582364	2,732375	3,161783	3,250144	3,000857	2,760119	3,155120	7,674914	8,630090	9,368313	
0,582364	2,732375	2,760119	3,000857	3,155120	3,161783	3,250144	7,674914	8,630090	9,368313	
1,524072	2,702992	2,702992	2,985861	6,025367	6,090264	6,090264	6,152105	6,575920	8,550385	
1,524072	2,702992	2,702992	2,985861	6,025367	6,090264	6,090264	6,152105	6,575920	8,550385	
0,810249	1,587196	3,194959	3,194959	4,077911	4,214404	3,911782	5,362778	5,669082	7,517356	
0,810249	1,587196	3,194959	3,194959	3,911782	4,077911	4,214404	5,362778	5,669082	7,517356	
2,884455	3,194959	3,278922	3,140455	3,738089	4,143535	3,270310	3,095360	5,709756	7,764336	
2,884455	3,095360	3,140455	3,194959	3,270310	3,278922	3,738089	4,143535	5,709756	7,764336	
3,041697	3,041697	3,112016	3,463669	3,830297	3,805426	4,408988	3,823618	6,211430	11,630204	
3,041697	3,041697	3,112016	3,463669	3,805426	3,823618	3,830297	4,408988	6,211430	11,630204	
2,725427	3,041697	3,286077	3,286077	4,501787	4,554370	4,570382	4,559283	7,954082	7,943309	
2,725427	3,041697	3,286077	3,286077	4,501787	4,554370	4,559283	4,570382	7,943309	7,954082	
2,796446	2,796446	2,796446	3,286077	4,196467	5,180054	5,180054	5,165095	5,568030	11,567173	
2,796446	2,796446	2,796446	3,286077	4,196467	5,165095	5,180054	5,180054	5,568030	11,567173	
2,796446	3,048319	3,048319	3,048319	3,820886	3,174510	4,518790	8,077756	10,091462	11,137519	
2,796446	3,048319	3,048319	3,048319	3,174510	3,820886	4,518790	8,077756	10,091462	11,137519	
3,048319	3,048319	3,362379	3,362379	4,349639	5,614633	5,571100	6,526557	7,618955	11,334680	
3,048319	3,048319	3,362379	3,362379	4,349639	5,571100	5,614633	6,526557	7,618955	11,334680	
3,048319	3,199637	3,199637	3,199637	3,838237	4,269135	3,523653	10,088481	11,675940	11,580137	
3,048319	3,199637	3,199637	3,199637	3,523653	3,838237	4,269135	10,088481	11,580137	11,675940	
1,913647	3,114254	3,114254	3,199637	3,554988	2,723254	6,458349	7,586912	8,247746	10,582376	
1,913647	2,723254	3,114254	3,114254	3,199637	3,554988	6,458349	7,586912	8,247746	10,582376	
3,114254	3,583041	4,495212	4,546863	5,890420	5,586010	6,159188	7,383547	8,452552	10,822248	
3,114254	3,583041	4,495212	4,546863	5,586010	5,890420	6,159188	7,383547	8,452552	10,822248	
4,391168	4,518789	5,266340	6,531281	6,660934	7,176316	8,359263	8,039718	8,880668	10,298012	
4,391168	4,518789	5,266340	6,531281	6,660934	7,176316	8,039718	8,359263	8,880668	10,298012	
3,413279	2,715564	2,715564	5,057679	3,730524	3,730524	4,429756	5,104033	6,431650	5,437872	
2,715564	2,715564	3,413279	3,730524	3,730524	4,429756	5,057679	5,104033	5,437872	6,431650	
2,923031	4,288740	4,490674	4,490674	4,490674	3,274501	5,321683	5,321683	6,233940	10,457232	
2,923031	3,274501	4,288740	4,490674	4,490674	4,490674	5,321683	5,321683	6,233940	10,457232	
3,776814	3,651010	4,399870	4,399870	4,249710	6,416197	8,864929	11,837586	11,333489	11,831903	
3,651010	3,776814	4,249710	4,399870	4,399870	6,416197	8,864929	11,333489	11,831903	11,837586	
0,550822	2,957026	4,020057	5,062413	7,644423	7,539174	7,975859	7,968066	8,539781	9,845107	
0,550822	2,957026	4,020057	5,062413	7,539174	7,644423	7,968066	7,975859	8,539781	9,845107	
2,655790	2,655790	2,655790	3,605400	4,313423	3,936271	4,121223	9,607758	10,059963	10,157090	
2,655790	2,655790	2,655790	3,605400	3,936271	4,121223	4,313423	9,607758	10,059963	10,157090	
1,775953	3,616849	2,822689	6,567732	5,520549	6,862656	11,091871	11,203662	11,729589	10,621854	
1,775953	2,822689	3,616849	5,520549	6,567732	6,862656	10,621854	11,091871	11,203662	11,729589	
3,343879	3,343879	3,048014	2,906238	5,952212	6,125986	8,378502	7,748878	8,887245	12,306942	
2,906238	3,048014	3,343879	3,343879	5,952212	6,125986	7,748878	8,378502	8,887245	12,306942	
0,552275	0,552275	1,234349	2,574287	2,950820	2,778893	6,639517	5,607419	8,946446	8,906294	
0,552275	0,552275	1,234349	2,574287	2,778893	2,950820	5,607419	6,639517	8,906294	8,946446	
0,864116	0,864116	0,864116	2,858585	3,254689	3,186555	5,809202	6,367585	6,367585	12,234325	
0,864116	0,864116	0,864116	2,858585	3,186555	3,254689	5,809202	6,367585	6,367585	12,234325	
0,864116	0,864116	1,845413	1,845413	2,080566	3,237417	3,237417	4,709499	8,103077	8,736637	
0,864116	0,864116	1,845413	1,845413	2,080566	3,237417	3,237417	4,709499	8,103077	8,736637	
0,930520	1,240065	1,240065	2,578485	2,510937	3,309092	3,938298	4,245260	5,239350	9,872319	
0,930520	1,240065	1,240065	2,510937	2,578485	3,309092	3,938298	4,245260	5,239350	9,872319	
0,967682	0,967682	1,896656	2,326735	2,802125	2,802125	2,996332	5,111009	5,721956	7,507803	
0,967682	0,967682	1,896656	2,326735	2,802125	2,802125	2,996332	5,111009	5,721956	7,507803	
0,967682	1,433640	1,942953	2,365725	4,541440	4,546338	3,758237	3,946467	5,509096	10,793975	
0,967682	1,433640	1,942953	2,365725	3,758237	3,946467	4,541440	4,546338	5,509096	10,793975	
1,683229	1,673280	3,210479	3,834782	3,469888	5,998692	7,090135	8,008711	10,551480	11,431117	
1,673280	1,683229	3,210479	3,469888	3,834782	5,998692	7,090135	8,008711	10,551480	11,431117	
1,879224	3,263558	3,602689	3,785085	4,320279	6,269377	6,504659	7,752458	8,468643	10,987613	
1,879224	3,263558	3,602689	3,785085	4,320279	6,269377	6,504659	7,752458	8,468643	10,987613	
1,843938	3,016795	3,451981	3,789799	4,127043	4,127043	3,436172	5,908330	7,518511	9,891322	
1,843938	3,016795	3,436172	3,451981	3,789799	4,127043	4,127043	5,908330	7,518511	9,891322	
2,052639	2,052639	2,937779	2,937779	3,839927	4,300689	5,198141	6,896545	10,718060	11,190617	
2,052639	2,052639	2,937779	2,937779	3,839927	4,300689	5,198141	6,896545	10,718060	11,190617	
2,476987	2,476987	3,145570	3,869253	4,039458	5,447829	7,827755	7,827755	7,296070	8,016830	
2,476987	2,476987	3,145570	3,869253	4,039458	5,447829	7,296070	7,827755	7,827755	8,016830	
2,476987	4,608822	5,288714	5,577650	5,577650	5,577650	6,286018	5,934671	9,437704	11,015127	
2,476987	4,608822	5,288714	5,577650	5,577650	5,577650	5,934671	6,286018	9,437704	11,015127	
3,960694	3,937094	4,395449	4,607510	4,725501	5,577650	5,468530	7,510255	9,033539	11,565411	
3,937094	3,960694	4,395449	4,607510	4,725501	5,468530	5,577650	7,510255	9,033539	11,565411	
1,174313	2,352048	2,577197	3,382561	4,895095	7,053020	8,655149	8,768076	9,743145	10,837833	
1,174313	2,352048	2,577197	3,382561	4,895095	7,053020	8,655149	8,768076	9,743145	10,837833	
3,476710	2,993202	5,540520	6,028386	6,033659	5,953335	7,859910	7,859910	8,472252	11,338664	
2,993202	3,476710	5,540520	5,953335	6,028386	6,033659	7,859910	7,859910	8,472252	11,338664	
3,709610	3,709610	2,789071	2,789071	5,397599	7,234549	8,030455	7,959763	7,589765	10,806425	
2,789071	2,789071	3,709610	3,709610	5,397599	7,234549	7,589765	7,959763	8,030455	10,806425	
3,244260	3,665291	3,178226	4,318111	5,504549	3,616244	6,931170	7,085764	7,499259	9,110959	
3,178226	3,244260	3,616244	3,665291	4,318111	5,504549	6,931170	7,085764	7,499259	9,110959	
3,432675	3,225868	4,562113	4,602384	4,175153	5,297379	5,585841	5,733538	6,449849	10,526897	
3,225868	3,432675	4,175153	4,562113	4,602384	5,297379	5,585841	5,733538	6,449849	10,526897	
1,898736	2,330325	4,481235	4,374500	5,654126	5,516328	8,063196	10,392450	11,254292	11,677143	
1,898736	2,330325	4,374500	4,481235	5,516328	5,654126	8,063196	10,392450	11,254292	11,677143	
1,007816	1,520178	3,683552	3,055745	3,055745	6,518722	7,678075	7,598327	9,320876	9,315978	
1,007816	1,520178	3,055745	3,055745	3,683552	6,518722	7,598327	7,678075	9,315978	9,320876	
0,504061	2,511756	3,604250	4,061446	4,420629	4,137483	6,044670	6,488963	9,328381	9,993328	
0,504061	2,511756	3,604250	4,061446	4,137483	4,420629	6,044670	6,488963	9,328381	9,993328	
2,372975	3,857309	4,477805	3,246161	3,331651	5,866653	6,774529	7,410716	7,439573	10,210048	
2,372975	3,246161	3,331651	3,857309	4,477805	5,866653	6,774529	7,410716	7,439573	10,210048	
2,821204	2,821204	2,882855	4,403852	4,125922	3,215104	5,667216	7,041013	10,597504	11,038990	
2,821204	2,821204	2,882855	3,215104	4,125922	4,403852	5,667216	7,041013	10,597504	11,038990	
3,724931	3,192597	3,863689	4,564501	4,777139	5,525155	5,910768	7,934720	8,082758	11,417570	
3,192597	3,724931	3,863689	4,564501	4,777139	5,525155	5,910768	7,934720	8,082758	11,417570	
3,619846	4,582532	4,558643	4,558643	4,090131	7,363441	7,133616	7,258287	10,586052	11,583357	
3,619846	4,090131	4,558643	4,558643	4,582532	7,133616	7,258287	7,363441	10,586052	11,583357	
3,353956	4,181458	4,047414	4,047414	6,019438	6,243482	5,623710	8,420039	8,420039	10,253832	
3,353956	4,047414	4,047414	4,181458	5,623710	6,019438	6,243482	8,420039	8,420039	10,253832	
4,051869	4,051869	5,199555	6,278177	6,268676	6,637482	9,183985	9,060998	10,027015	10,515739	
4,051869	4,051869	5,199555	6,268676	6,278177	6,637482	9,060998	9,183985	10,027015	10,515739	
2,974937	4,051869	4,687880	4,636476	4,213833	4,213833	6,573957	6,178127	9,403799	10,011868	
2,974937	4,051869	4,213833	4,213833	4,636476	4,687880	6,178127	6,573957	9,403799	10,011868	
4,463201	4,366800	4,766419	4,948285	3,611925	5,310159	5,468300	6,279623	6,627895	11,575332	
3,611925	4,366800	4,463201	4,766419	4,948285	5,310159	5,468300	6,279623	6,627895	11,575332	
2,786724	3,225346	2,901169	4,525314	5,189194	4,850625	8,801953	7,939843	10,222228	10,396613	
2,786724	2,901169	3,225346	4,525314	4,850625	5,189194	7,939843	8,801953	10,222228	10,396613	
2,659944	3,096953	4,213173	5,077312	5,077312	5,826630	6,283753	7,904606	10,340674	11,165209	
2,659944	3,096953	4,213173	5,077312	5,077312	5,826630	6,283753	7,904606	10,340674	11,165209	
4,357697	3,081913	3,374222	4,184454	4,797684	4,797684	5,782402	7,722623	7,722623	7,907547	
3,081913	3,374222	4,184454	4,357697	4,797684	4,797684	5,782402	7,722623	7,722623	7,907547	
3,579151	3,882625	3,993784	3,993784	4,592571	4,499987	4,473499	3,975973	4,982091	3,581413	
3,579151	3,581413	3,882625	3,975973	3,993784	3,993784	4,473499	4,499987	4,592571	4,982091	
2,223559	3,337407	3,337407	3,901119	4,096802	4,333232	3,912882	4,605680	4,558893	4,865555	
2,223559	3,337407	3,337407	3,901119	3,912882	4,096802	4,333232	4,558893	4,605680	4,865555	
2,076751	2,315869	2,856935	2,856935	2,856935	3,337407	3,334510	4,268044	4,057051	11,045173	
2,076751	2,315869	2,856935	2,856935	2,856935	3,334510	3,337407	4,057051	4,268044	11,045173	
1,992037	2,336486	2,697879	2,856935	2,856935	2,856935	3,115838	3,653578	4,434177	11,119437	
1,992037	2,336486	2,697879	2,856935	2,856935	2,856935	3,115838	3,653578	4,434177	11,119437	
0,740146	1,935676	2,039356	2,384037	2,384037	2,721088	2,856935	4,572682	7,111213	8,150660	
0,740146	1,935676	2,039356	2,384037	2,384037	2,721088	2,856935	4,572682	7,111213	8,150660	
0,896757	1,038379	1,038379	1,930867	1,930867	2,384037	2,557374	3,482558	3,292140	10,873920	
0,896757	1,038379	1,038379	1,930867	1,930867	2,384037	2,557374	3,292140	3,482558	10,873920	
1,326776	1,435482	1,596084	1,722331	1,722331	1,722331	3,284449	3,527816	5,982901	5,982901	
1,326776	1,435482	1,596084	1,722331	1,722331	1,722331	3,284449	3,527816	5,982901	5,982901	
0,696261	1,083473	1,094337	2,100570	3,380512	3,519732	2,653707	3,218716	6,848111	11,009598	
0,696261	1,083473	1,094337	2,100570	2,653707	3,218716	3,380512	3,519732	6,848111	11,009598	
0,687359	1,083788	1,132068	1,522904	1,578366	2,233054	7,313983	6,050277	9,307918	10,832237	
0,687359	1,083788	1,132068	1,522904	1,578366	2,233054	6,050277	7,313983	9,307918	10,832237	
0,276290	0,276290	0,518475	1,078542	1,512057	4,309061	7,741562	7,869131	7,859183	10,892754	
0,276290	0,276290	0,518475	1,078542	1,512057	4,309061	7,741562	7,859183	7,869131	10,892754	
0,276290	0,383654	3,259716	4,650517	4,603874	4,843911	5,306476	7,536510	11,239168	11,805575	
0,276290	0,383654	3,259716	4,603874	4,650517	4,843911	5,306476	7,536510	11,239168	11,805575	
0,218889	0,218889	3,141663	3,308638	4,111125	4,111125	4,748151	8,518178	9,807079	11,785538	
0,218889	0,218889	3,141663	3,308638	4,111125	4,111125	4,748151	8,518178	9,807079	11,785538	
0,218889	0,218889	0,890622	1,136178	1,330382	2,329818	2,816204	3,481600	6,423751	9,516845	
0,218889	0,218889	0,890622	1,136178	1,330382	2,329818	2,816204	3,481600	6,423751	9,516845	
0,359209	0,359209	0,512369	1,522008	1,795994	3,739403	5,398037	5,418234	4,934322	5,046541	
0,359209	0,359209	0,512369	1,522008	1,795994	3,739403	4,934322	5,046541	5,398037	5,418234	
0,082409	2,937427	2,646234	2,609736	2,725724	6,157254	4,893435	7,801725	8,594291	11,182359	
0,082409	2,609736	2,646234	2,725724	2,937427	4,893435	6,157254	7,801725	8,594291	11,182359	
1,457610	4,310671	5,357051	5,366277	5,366277	6,063735	5,640227	6,795431	7,573376	8,473762	
1,457610	4,310671	5,357051	5,366277	5,366277	5,640227	6,063735	6,795431	7,573376	8,473762	
0,484072	4,244750	5,360904	5,366277	6,262895	5,063862	6,441886	5,577128	7,122609	9,105995	
0,484072	4,244750	5,063862	5,360904	5,366277	5,577128	6,262895	6,441886	7,122609	9,105995	
0,773641	0,773641	4,531301	5,363401	5,829191	5,515012	6,297822	7,766017	10,570677	10,709279	
0,773641	0,773641	4,531301	5,363401	5,515012	5,829191	6,297822	7,766017	10,570677	10,709279	
0,773641	2,450089	2,870385	4,569631	4,569631	5,962213	5,965582	7,337087	10,339138	11,181638	
0,773641	2,450089	2,870385	4,569631	4,569631	5,962213	5,965582	7,337087	10,339138	11,181638	
0,864885	3,361669	4,075018	4,121430	4,121430	4,569631	4,546859	8,105306	7,201318	9,827309	
0,864885	3,361669	4,075018	4,121430	4,121430	4,546859	4,569631	7,201318	8,105306	9,827309	
2,204217	3,043910	3,761116	3,761116	3,761116	3,761116	3,802657	3,802657	4,223847	11,305382	
2,204217	3,043910	3,761116	3,761116	3,761116	3,761116	3,802657	3,802657	4,223847	11,305382	
2,558266	2,558266	2,558266	3,177887	3,177887	3,761116	3,761116	3,761116	9,962117	11,706123	
2,558266	2,558266	2,558266	3,177887	3,177887	3,761116	3,761116	3,761116	9,962117	11,706123	
2,558266	2,558266	2,677843	3,052977	3,894886	8,202950	8,202950	8,243902	8,556547	10,121997	
2,558266	2,558266	2,677843	3,052977	3,894886	8,202950	8,202950	8,243902	8,556547	10,121997	
2,741748	2,879101	5,134406	5,134406	5,429300	5,463626	6,534572	5,182473	8,581876	9,007313	
2,741748	2,879101	5,134406	5,134406	5,182473	5,429300	5,463626	6,534572	8,581876	9,007313	
3,157115	4,334828	4,319098	6,108106	6,257099	6,459544	8,097522	8,541855	8,733839	10,166059	
3,157115	4,319098	4,334828	6,108106	6,257099	6,459544	8,097522	8,541855	8,733839	10,166059	
3,539813	4,959741	5,283445	5,789886	6,806988	6,555520	5,724234	7,128159	8,489228	10,142367	
3,539813	4,959741	5,283445	5,724234	5,789886	6,555520	6,806988	7,128159	8,489228	10,142367	
3,635711	3,311376	4,211266	4,598819	3,962551	3,791661	5,824197	5,824197	10,807768	11,525680	
3,311376	3,635711	3,791661	3,962551	4,211266	4,598819	5,824197	5,824197	10,807768	11,525680	
0,998209	3,593910	2,924967	4,509254	4,471999	5,385957	5,200353	6,188997	8,534107	11,879997	
0,998209	2,924967	3,593910	4,471999	4,509254	5,200353	5,385957	6,188997	8,534107	11,879997	
0,863658	2,293109	3,772544	4,558889	5,073248	6,015480	5,260555	5,329968	7,867599	7,276814	
0,863658	2,293109	3,772544	4,558889	5,073248	5,260555	5,329968	6,015480	7,276814	7,867599	
2,282758	2,888646	2,888646	3,427651	4,227652	4,531159	3,698657	6,460396	7,480167	9,718368	
2,282758	2,888646	2,888646	3,427651	3,698657	4,227652	4,531159	6,460396	7,480167	9,718368	
2,580795	3,272142	3,778027	4,102201	4,320359	6,066426	5,633870	8,273037	10,035173	11,930412	
2,580795	3,272142	3,778027	4,102201	4,320359	5,633870	6,066426	8,273037	10,035173	11,930412	
2,652558	3,081710	3,432873	4,264058	3,833405	5,656414	6,048368	6,821215	9,259236	10,296026	
2,652558	3,081710	3,432873	3,833405	4,264058	5,656414	6,048368	6,821215	9,259236	10,296026	
2,680979	3,600368	3,187539	2,876184	5,063009	7,448493	7,526946	9,954068	9,984085	11,193586	
2,680979	2,876184	3,187539	3,600368	5,063009	7,448493	7,526946	9,954068	9,984085	11,193586	
3,316264	3,316499	3,269893	5,325523	5,016606	7,757673	7,307199	7,398519	7,773151	7,426961	
3,269893	3,316264	3,316499	5,016606	5,325523	7,307199	7,398519	7,426961	7,757673	7,773151	
3,286073	2,981138	4,643512	5,790602	6,569581	5,987652	5,989871	7,443694	10,792252	11,405993	
2,981138	3,286073	4,643512	5,790602	5,987652	5,989871	6,569581	7,443694	10,792252	11,405993	
1,244145	2,890533	4,939248	5,532596	5,961124	6,658812	6,689495	8,121840	8,326620	10,031502	
1,244145	2,890533	4,939248	5,532596	5,961124	6,658812	6,689495	8,121840	8,326620	10,031502	
2,701651	3,002048	3,175836	4,566349	5,161397	5,562041	5,804708	5,804708	9,717227	11,342403	
2,701651	3,002048	3,175836	4,566349	5,161397	5,562041	5,804708	5,804708	9,717227	11,342403	
1,855735	3,246026	3,821413	4,551162	4,681456	4,681456	8,572585	9,192796	10,990094	12,104630	
1,855735	3,246026	3,821413	4,551162	4,681456	4,681456	8,572585	9,192796	10,990094	12,104630	
0,923895	0,923895	3,549500	3,394555	3,262655	5,496543	5,927301	10,124798	11,292997	11,836148	
0,923895	0,923895	3,262655	3,394555	3,549500	5,496543	5,927301	10,124798	11,292997	11,836148	
2,311946	2,385148	2,385148	2,935278	6,170660	7,740569	8,295000	7,594422	10,070454	12,167474	
2,311946	2,385148	2,385148	2,935278	6,170660	7,594422	7,740569	8,295000	10,070454	12,167474	
2,385148	2,593946	4,652853	4,304284	3,590712	3,590712	3,590712	5,828316	7,943682	9,823829	
2,385148	2,593946	3,590712	3,590712	3,590712	4,304284	4,652853	5,828316	7,943682	9,823829	
3,696892	3,367774	3,900902	3,900902	3,590712	5,634146	5,669310	6,352973	10,689461	10,990204	
3,367774	3,590712	3,696892	3,900902	3,900902	5,634146	5,669310	6,352973	10,689461	10,990204	
1,686912	3,043856	4,087087	4,594713	4,594713	6,424120	6,863150	9,786203	11,830738	12,217496	
1,686912	3,043856	4,087087	4,594713	4,594713	6,424120	6,863150	9,786203	11,830738	12,217496	
3,208588	3,772933	3,772933	3,772933	4,289500	6,624202	7,810100	7,030333	7,278094	8,951197	
3,208588	3,772933	3,772933	3,772933	4,289500	6,624202	7,030333	7,278094	7,810100	8,951197	
2,438262	2,438262	3,446709	3,395408	5,662085	6,304482	10,749035	11,317238	10,702749	11,723022	
2,438262	2,438262	3,395408	3,446709	5,662085	6,304482	10,702749	10,749035	11,317238	11,723022	
2,550294	2,551401	2,551401	2,927452	3,703079	3,703079	4,077991	6,144793	7,933561	10,425115	
2,550294	2,551401	2,551401	2,927452	3,703079	3,703079	4,077991	6,144793	7,933561	10,425115	
1,006516	1,876349	2,738344	2,738344	2,738344	4,390131	4,793241	5,395572	8,282758	10,461605	
1,006516	1,876349	2,738344	2,738344	2,738344	4,390131	4,793241	5,395572	8,282758	10,461605	
1,863510	1,848427	1,848427	2,008202	2,008202	3,337977	4,583076	3,625431	5,514639	10,612474	
1,848427	1,848427	1,863510	2,008202	2,008202	3,337977	3,625431	4,583076	5,514639	10,612474	
1,848427	2,585124	2,829844	3,322265	3,410522	3,345247	5,654641	6,217742	7,976869	7,996149	
1,848427	2,585124	2,829844	3,322265	3,345247	3,410522	5,654641	6,217742	7,976869	7,996149	
1,908009	2,232596	2,674643	3,506258	3,361974	3,734998	5,842240	7,314538	10,252558	10,126296	
1,908009	2,232596	2,674643	3,361974	3,506258	3,734998	5,842240	7,314538	10,126296	10,252558	
1,123283	2,935015	2,928759	2,927618	3,274757	6,019542	7,662231	7,147839	9,248124	11,687435	
1,123283	2,927618	2,928759	2,935015	3,274757	6,019542	7,147839	7,662231	9,248124	11,687435	
2,021001	2,674273	3,548658	4,522785	4,861836	5,462957	5,949961	5,860240	7,669325	12,196809	
2,021001	2,674273	3,548658	4,522785	4,861836	5,462957	5,860240	5,949961	7,669325	12,196809	
1,810138	3,270301	3,611233	4,207545	4,423715	4,965536	5,846367	6,358022	8,558752	9,832030	
1,810138	3,270301	3,611233	4,207545	4,423715	4,965536	5,846367	6,358022	8,558752	9,832030	
2,750076	2,999577	3,957161	3,957161	3,308432	3,233718	4,254404	5,142750	5,728369	8,301532	
2,750076	2,999577	3,233718	3,308432	3,957161	3,957161	4,254404	5,142750	5,728369	8,301532	
0,760754	2,075810	2,075810	2,075810	3,241675	3,506765	3,353123	4,061431	3,928753	9,649290	
0,760754	2,075810	2,075810	2,075810	3,241675	3,353123	3,506765	3,928753	4,061431	9,649290	
1,183229	1,183229	2,527524	3,115052	3,851733	3,483882	5,564326	5,305998	5,305998	7,337151	
1,183229	1,183229	2,527524	3,115052	3,483882	3,851733	5,305998	5,305998	5,564326	7,337151	
0,897444	0,897444	1,630989	1,772243	1,772243	3,306885	2,683716	4,015649	5,710448	7,290692	
0,897444	0,897444	1,630989	1,772243	1,772243	2,683716	3,306885	4,015649	5,710448	7,290692	
0,422551	0,507769	0,897444	2,681012	3,338831	5,248312	6,684142	9,491642	11,908573	10,419914	
0,422551	0,507769	0,897444	2,681012	3,338831	5,248312	6,684142	9,491642	10,419914	11,908573	
3,186429	3,173928	4,085635	4,441256	4,796185	4,944201	6,277265	7,158619	7,650404	7,779206	
3,173928	3,186429	4,085635	4,441256	4,796185	4,944201	6,277265	7,158619	7,650404	7,779206	
2,776613	3,343817	4,207057	4,212348	4,150953	3,596899	6,109394	7,093527	8,280991	11,880028	
2,776613	3,343817	3,596899	4,150953	4,207057	4,212348	6,109394	7,093527	8,280991	11,880028	
0,219665	2,722674	2,889906	2,993458	3,208989	3,927665	3,257256	5,394432	6,097839	8,395249	
0,219665	2,722674	2,889906	2,993458	3,208989	3,257256	3,927665	5,394432	6,097839	8,395249	
1,646140	1,646140	1,646140	3,245697	3,494924	3,679222	4,216604	4,216604	11,039592	11,198831	
1,646140	1,646140	1,646140	3,245697	3,494924	3,679222	4,216604	4,216604	11,039592	11,198831	
1,646140	2,233553	2,327553	2,233267	2,797079	3,425801	3,769319	7,449166	8,191835	7,376389	
1,646140	2,233267	2,233553	2,327553	2,797079	3,425801	3,769319	7,376389	7,449166	8,191835	
1,327014	1,910921	3,081720	3,081720	3,321968	3,258468	3,626143	5,008948	5,936720	11,155874	
1,327014	1,910921	3,081720	3,081720	3,258468	3,321968	3,626143	5,008948	5,936720	11,155874	
2,344662	2,521834	3,191195	3,191195	3,169688	4,184193	4,597468	5,849056	11,565122	11,024172	
2,344662	2,521834	3,169688	3,191195	3,191195	4,184193	4,597468	5,849056	11,024172	11,565122	
2,817416	2,818552	3,100689	3,179472	6,313706	7,142473	7,142473	7,560120	7,453559	9,102638	
2,817416	2,818552	3,100689	3,179472	6,313706	7,142473	7,142473	7,453559	7,560120	9,102638	
2,487957	2,487957	3,010276	4,563921	4,320209	6,356532	6,816843	7,012716	8,434304	7,452126	
2,487957	2,487957	3,010276	4,320209	4,563921	6,356532	6,816843	7,012716	7,452126	8,434304	
2,487957	3,933632	3,933632	3,988435	4,570033	4,477106	5,277909	5,525473	6,444953	11,829631	
2,487957	3,933632	3,933632	3,988435	4,477106	4,570033	5,277909	5,525473	6,444953	11,829631	
4,051538	4,164089	4,349769	4,513954	5,545725	8,003994	8,447702	9,747139	9,777061	10,245811	
4,051538	4,164089	4,349769	4,513954	5,545725	8,003994	8,447702	9,747139	9,777061	10,245811	
4,232796	4,232796	4,416355	4,534655	6,300951	6,146821	6,599948	7,018387	6,904161	6,904161	
4,232796	4,232796	4,416355	4,534655	6,146821	6,300951	6,599948	6,904161	6,904161	7,018387	
3,443805	4,232796	4,411253	4,105310	4,105310	4,410408	4,912406	4,912406	8,778803	10,306924	
3,443805	4,105310	4,105310	4,232796	4,410408	4,411253	4,912406	4,912406	8,778803	10,306924	
3,474328	3,474328	3,005622	3,005622	3,098545	4,105310	6,417486	6,632791	7,608548	10,189954	
3,005622	3,005622	3,098545	3,474328	3,474328	4,105310	6,417486	6,632791	7,608548	10,189954	
3,282914	3,043275	3,076483	3,290151	2,729344	4,426363	4,288744	5,552254	5,937440	5,811053	
2,729344	3,043275	3,076483	3,282914	3,290151	4,288744	4,426363	5,552254	5,811053	5,937440	
3,234980	4,098056	2,987725	3,260255	4,448077	4,291553	6,021534	6,087692	10,347743	11,841411	
2,987725	3,234980	3,260255	4,098056	4,291553	4,448077	6,021534	6,087692	10,347743	11,841411	
3,020574	3,324229	4,275281	4,333822	4,017004	4,321407	4,544422	4,368067	5,749351	8,589254	
3,020574	3,324229	4,017004	4,275281	4,321407	4,333822	4,368067	4,544422	5,749351	8,589254	
2,642353	3,929392	4,252497	4,470667	3,553708	6,101944	8,478958	10,372975	11,292694	11,713257	
2,642353	3,553708	3,929392	4,252497	4,470667	6,101944	8,478958	10,372975	11,292694	11,713257	
3,393393	4,393215	6,662922	7,853268	8,039701	8,363567	8,697270	9,846277	9,901435	11,591021	
3,393393	4,393215	6,662922	7,853268	8,039701	8,363567	8,697270	9,846277	9,901435	11,591021	
3,895837	4,278546	4,543328	4,543328	3,478448	4,563356	7,778451	7,467380	11,948819	11,845067	
3,478448	3,895837	4,278546	4,543328	4,543328	4,563356	7,467380	7,778451	11,845067	11,948819	
2,025767	2,025767	2,770395	2,922417	3,301187	4,430483	3,972789	4,283617	5,828805	8,444879	
2,025767	2,025767	2,770395	2,922417	3,301187	3,972789	4,283617	4,430483	5,828805	8,444879	
1,106190	1,567363	2,426339	3,034850	3,362740	3,584728	2,886008	4,137561	7,560159	7,436280	
1,106190	1,567363	2,426339	2,886008	3,034850	3,362740	3,584728	4,137561	7,436280	7,560159	
0,403740	1,106190	1,231147	2,012072	2,586030	2,586030	4,660005	7,017388	7,553966	10,965437	
0,403740	1,106190	1,231147	2,012072	2,586030	2,586030	4,660005	7,017388	7,553966	10,965437	
0,298941	0,645028	0,729576	2,586030	4,216643	4,510909	5,702155	5,585740	7,570901	7,651258	
0,298941	0,645028	0,729576	2,586030	4,216643	4,510909	5,585740	5,702155	7,570901	7,651258	
0,532227	3,158231	3,963043	4,312255	2,821003	7,029478	7,568177	8,833656	7,288549	11,517459	
0,532227	2,821003	3,158231	3,963043	4,312255	7,029478	7,288549	7,568177	8,833656	11,517459	
2,698833	3,919304	3,371707	4,487713	4,988064	5,717896	5,717896	4,435935	6,581731	6,912459	
2,698833	3,371707	3,919304	4,435935	4,487713	4,988064	5,717896	5,717896	6,581731	6,912459	
2,641331	3,828965	4,285091	4,155435	4,677971	5,108840	5,372664	8,456060	7,574112	11,315804	
2,641331	3,828965	4,155435	4,285091	4,677971	5,108840	5,372664	7,574112	8,456060	11,315804	
0,846804	2,506745	2,989767	2,989767	3,332138	3,332138	3,528845	4,396080	4,164067	7,417451	
0,846804	2,506745	2,989767	2,989767	3,332138	3,332138	3,528845	4,164067	4,396080	7,417451	
0,689582	0,689582	0,884806	1,196651	2,086371	2,989767	3,163242	4,292020	6,663672	7,289286	
0,689582	0,689582	0,884806	1,196651	2,086371	2,989767	3,163242	4,292020	6,663672	7,289286	
0,063361	0,305250	0,765845	1,823635	1,879157	2,736739	4,055944	7,347475	7,540327	9,075246	
0,063361	0,305250	0,765845	1,823635	1,879157	2,736739	4,055944	7,347475	7,540327	9,075246	
0,091955	0,547183	0,594056	0,778291	1,538095	2,738742	3,388911	5,364463	9,549603	11,159394	
0,091955	0,547183	0,594056	0,778291	1,538095	2,738742	3,388911	5,364463	9,549603	11,159394	
0,217521	0,217521	0,246574	0,268705	0,268705	0,345145	0,577562	2,139040	3,101501	3,014276	
0,217521	0,217521	0,246574	0,268705	0,268705	0,345145	0,577562	2,139040	3,014276	3,101501	
0,102884	0,117722	0,126304	0,234337	0,318052	0,812320	1,220576	2,603863	8,642730	11,514151	
0,102884	0,117722	0,126304	0,234337	0,318052	0,812320	1,220576	2,603863	8,642730	11,514151	
0,388589	0,563697	2,956880	5,636961	7,806460	9,315819	9,451817	8,756537	10,921885	11,191944	
0,388589	0,563697	2,956880	5,636961	7,806460	8,756537	9,315819	9,451817	10,921885	11,191944	
0,473278	1,536775	1,536775	3,099605	2,721616	6,000154	6,514459	7,499291	7,617059	7,019356	
0,473278	1,536775	1,536775	2,721616	3,099605	6,000154	6,514459	7,019356	7,499291	7,617059	
1,536775	2,714360	3,080446	4,837436	3,920267	4,134287	5,865240	7,710804	7,472080	6,969113	
1,536775	2,714360	3,080446	3,920267	4,134287	4,837436	5,865240	6,969113	7,472080	7,710804	
0,392502	0,392502	0,627857	2,495331	2,833833	3,261006	3,187366	5,376935	5,198098	5,660012	
0,392502	0,392502	0,627857	2,495331	2,833833	3,187366	3,261006	5,198098	5,376935	5,660012	
0,319271	1,704758	2,676388	2,676388	2,676388	3,113862	3,239076	4,568679	7,809261	11,581562	
0,319271	1,704758	2,676388	2,676388	2,676388	3,113862	3,239076	4,568679	7,809261	11,581562	
0,295976	1,290992	1,290992	2,247095	2,247095	2,247095	2,871927	3,011696	5,275423	11,792356	
0,295976	1,290992	1,290992	2,247095	2,247095	2,247095	2,871927	3,011696	5,275423	11,792356	
0,397596	0,715122	1,204638	1,795559	1,795559	3,260863	6,744510	7,052784	7,176797	7,307193	
0,397596	0,715122	1,204638	1,795559	1,795559	3,260863	6,744510	7,052784	7,176797	7,307193	
0,541793	1,505091	1,505091	2,891573	3,024111	4,537282	5,020779	5,121078	6,662055	11,721035	
0,541793	1,505091	1,505091	2,891573	3,024111	4,537282	5,020779	5,121078	6,662055	11,721035	
1,505091	2,321746	3,271656	2,961059	2,961059	3,334055	3,784145	6,606436	6,977578	11,691715	
1,505091	2,321746	2,961059	2,961059	3,271656	3,334055	3,784145	6,606436	6,977578	11,691715	
1,154047	1,579546	2,378457	2,685154	2,685154	3,917878	4,946936	9,313567	10,735582	10,664046	
1,154047	1,579546	2,378457	2,685154	2,685154	3,917878	4,946936	9,313567	10,664046	10,735582	
0,941512	0,941512	1,113568	1,315368	2,611808	3,540282	6,600453	6,026318	7,300013	8,247471	
0,941512	0,941512	1,113568	1,315368	2,611808	3,540282	6,026318	6,600453	7,300013	8,247471	
0,711219	0,821129	1,024446	2,272600	4,203898	4,203898	3,719034	3,997180	5,599281	9,710680	
0,711219	0,821129	1,024446	2,272600	3,719034	3,997180	4,203898	4,203898	5,599281	9,710680	
0,322269	0,322269	1,660797	3,298143	3,389631	3,122004	3,122004	3,840581	5,394237	10,348524	
0,322269	0,322269	1,660797	3,122004	3,122004	3,298143	3,389631	3,840581	5,394237	10,348524	
1,515057	1,514248	1,514248	3,164076	3,122004	3,122004	3,560747	3,731867	5,741032	11,104593	
1,514248	1,514248	1,515057	3,122004	3,122004	3,164076	3,560747	3,731867	5,741032	11,104593	
2,471434	2,513255	2,539046	2,539046	2,539046	2,539046	4,076054	4,516818	8,229438	10,874222	
2,471434	2,513255	2,539046	2,539046	2,539046	2,539046	4,076054	4,516818	8,229438	10,874222	
2,492482	2,518226	2,539046	3,890546	3,885852	5,371031	4,940374	5,682611	5,087872	6,982672	
2,492482	2,518226	2,539046	3,885852	3,890546	4,940374	5,087872	5,371031	5,682611	6,982672	
2,503428	2,503428	2,526635	3,697232	4,143569	3,188396	5,144766	6,330731	6,579477	11,797783	
2,503428	2,503428	2,526635	3,188396	3,697232	4,143569	5,144766	6,330731	6,579477	11,797783	
3,324273	3,347335	3,674668	3,674668	4,145166	3,783152	4,232718	6,974898	11,403852	11,302478	
3,324273	3,347335	3,674668	3,674668	3,783152	4,145166	4,232718	6,974898	11,302478	11,403852	
3,335883	3,522406	3,531062	3,674668	3,258323	4,157194	3,888649	5,434134	6,906468	11,246394	
3,258323	3,335883	3,522406	3,531062	3,674668	3,888649	4,157194	5,434134	6,906468	11,246394	
3,182085	3,319271	3,938466	3,938466	3,398326	4,232015	4,317708	5,173296	6,169520	11,798300	
3,182085	3,319271	3,398326	3,938466	3,938466	4,232015	4,317708	5,173296	6,169520	11,798300	
3,087413	3,590284	3,260547	3,260547	3,366013	3,785532	3,785532	3,369695	8,567708	10,036943	
3,087413	3,260547	3,260547	3,366013	3,369695	3,590284	3,785532	3,785532	8,567708	10,036943	
3,306700	3,306700	3,415957	3,245530	3,245530	3,492263	8,527011	8,570162	9,528475	11,420984	
3,245530	3,245530	3,306700	3,306700	3,415957	3,492263	8,527011	8,570162	9,528475	11,420984	
3,272248	3,403861	3,320755	5,655300	7,057514	8,215142	8,215142	8,245965	8,862555	9,339091	
3,272248	3,320755	3,403861	5,655300	7,057514	8,215142	8,215142	8,245965	8,862555	9,339091	
3,296658	3,361120	3,513685	4,303241	5,715853	5,808139	5,808139	6,699282	6,728823	6,882443	
3,296658	3,361120	3,513685	4,303241	5,715853	5,808139	5,808139	6,699282	6,728823	6,882443	
3,328189	3,392758	3,380415	4,069187	4,285309	5,762783	6,541534	8,458782	8,606090	7,671045	
3,328189	3,380415	3,392758	4,069187	4,285309	5,762783	6,541534	7,671045	8,458782	8,606090	
2,411474	3,411916	3,945616	4,252786	4,411185	5,217659	5,933040	9,903203	10,472975	11,874764	
2,411474	3,411916	3,945616	4,252786	4,411185	5,217659	5,933040	9,903203	10,472975	11,874764	
3,334262	3,910988	6,448380	6,322477	6,239722	6,895945	7,812012	10,244104	10,233960	11,278208	
3,334262	3,910988	6,239722	6,322477	6,448380	6,895945	7,812012	10,233960	10,244104	11,278208	
3,650225	3,650225	3,650225	4,131427	4,207922	4,606634	6,605958	7,233156	8,710614	10,295537	
3,650225	3,650225	3,650225	4,131427	4,207922	4,606634	6,605958	7,233156	8,710614	10,295537	
2,964929	3,925029	3,855318	3,997413	4,867609	5,639564	5,712795	7,534199	7,932570	9,292718	
2,964929	3,855318	3,925029	3,997413	4,867609	5,639564	5,712795	7,534199	7,932570	9,292718	
0,429376	3,120125	3,470650	3,289360	3,766198	3,766198	4,506765	6,224418	10,001273	9,527539	
0,429376	3,120125	3,289360	3,470650	3,766198	3,766198	4,506765	6,224418	9,527539	10,001273	
1,027378	2,928678	3,304564	3,518614	4,479369	4,506878	5,680283	6,077262	5,356861	9,077767	
1,027378	2,928678	3,304564	3,518614	4,479369	4,506878	5,356861	5,680283	6,077262	9,077767	
2,169339	2,169339	2,742003	2,671180	3,434438	3,905908	3,905908	2,610776	6,743336	11,651546	
2,169339	2,169339	2,610776	2,671180	2,742003	3,434438	3,905908	3,905908	6,743336	11,651546	
1,764191	2,047413	2,047413	2,797870	4,491786	5,159820	8,254009	9,551216	9,850181	10,450204	
1,764191	2,047413	2,047413	2,797870	4,491786	5,159820	8,254009	9,551216	9,850181	10,450204	
2,047413	3,670132	3,689310	3,273035	5,064721	6,316364	7,359011	8,201507	8,628182	7,458912	
2,047413	3,273035	3,670132	3,689310	5,064721	6,316364	7,359011	7,458912	8,201507	8,628182	
2,783550	3,500125	2,592674	2,903606	5,079325	5,936681	6,172619	6,541857	9,784540	10,733365	
2,592674	2,783550	2,903606	3,500125	5,079325	5,936681	6,172619	6,541857	9,784540	10,733365	
0,308074	0,908004	3,813482	4,268806	4,220000	4,664652	4,229799	5,742697	5,581773	9,853003	
0,308074	0,908004	3,813482	4,220000	4,229799	4,268806	4,664652	5,581773	5,742697	9,853003	
1,856756	2,941377	3,041576	3,306153	4,026072	3,371399	5,584657	8,042324	9,977315	8,528817	
1,856756	2,941377	3,041576	3,306153	3,371399	4,026072	5,584657	8,042324	8,528817	9,977315	
2,104906	3,275111	3,579867	3,742701	3,714139	4,216226	4,909883	6,003261	6,285201	8,918906	
2,104906	3,275111	3,579867	3,714139	3,742701	4,216226	4,909883	6,003261	6,285201	8,918906	
2,665448	3,507664	3,341517	3,656685	3,151807	5,110807	5,938960	5,845116	6,795362	11,034840	
2,665448	3,151807	3,341517	3,507664	3,656685	5,110807	5,845116	5,938960	6,795362	11,034840	
2,632092	3,419778	3,367426	3,745687	4,555471	4,579685	4,579685	5,907945	6,776890	7,425898	
2,632092	3,367426	3,419778	3,745687	4,555471	4,579685	4,579685	5,907945	6,776890	7,425898	
1,420824	2,873585	3,157293	4,157085	3,439087	3,648624	4,350445	5,774097	5,820487	9,567250	
1,420824	2,873585	3,157293	3,439087	3,648624	4,157085	4,350445	5,774097	5,820487	9,567250	
2,216762	2,986742	3,252271	3,360900	4,168707	4,168707	6,650377	6,320562	6,320562	10,974649	
2,216762	2,986742	3,252271	3,360900	4,168707	4,168707	6,320562	6,320562	6,650377	10,974649	
2,858816	3,147424	3,527939	3,279676	3,615177	4,782063	6,263021	5,406497	6,035804	6,318977	
2,858816	3,147424	3,279676	3,527939	3,615177	4,782063	5,406497	6,035804	6,263021	6,318977	
3,004749	3,661548	3,609808	4,138303	4,138303	3,728125	3,728125	4,327625	4,327625	6,994668	
3,004749	3,609808	3,661548	3,728125	3,728125	4,138303	4,138303	4,327625	4,327625	6,994668	
3,694932	3,807937	3,728125	4,060111	4,060111	6,015571	6,015571	6,174409	8,343604	9,088802	
3,694932	3,728125	3,807937	4,060111	4,060111	6,015571	6,015571	6,174409	8,343604	9,088802	
3,527600	3,429245	4,043203	4,043203	4,132656	4,547225	3,901148	3,901148	4,449615	5,379630	
3,429245	3,527600	3,901148	3,901148	4,043203	4,043203	4,132656	4,449615	4,547225	5,379630	
2,456101	2,934685	2,943122	3,304524	3,656168	3,881414	5,718495	7,183286	7,265844	7,813700	
2,456101	2,934685	2,943122	3,304524	3,656168	3,881414	5,718495	7,183286	7,265844	7,813700	
0,364633	0,479867	1,407566	2,535572	3,790641	5,503645	5,823910	5,768976	5,620922	5,919658	
0,364633	0,479867	1,407566	2,535572	3,790641	5,503645	5,620922	5,768976	5,823910	5,919658	
0,412990	0,606696	3,552113	3,430489	2,893583	4,117835	3,917088	5,072169	6,797705	9,338916	
0,412990	0,606696	2,893583	3,430489	3,552113	3,917088	4,117835	5,072169	6,797705	9,338916	
0,419901	0,419901	0,933114	2,213102	2,560483	2,671814	2,923113	2,923113	3,189542	8,499548	
0,419901	0,419901	0,933114	2,213102	2,560483	2,671814	2,923113	2,923113	3,189542	8,499548	
0,643898	1,405790	1,562595	1,562595	5,837898	5,837898	6,051728	5,367229	11,959843	11,994741	
0,643898	1,405790	1,562595	1,562595	5,367229	5,837898	5,837898	6,051728	11,959843	11,994741	
0,774595	0,774595	2,873437	2,895120	2,895120	3,445464	4,292545	6,258814	7,629253	8,248342	
0,774595	0,774595	2,873437	2,895120	2,895120	3,445464	4,292545	6,258814	7,629253	8,248342	
2,994055	4,333705	4,910582	4,489105	5,727107	6,520338	7,663450	7,638326	10,406590	10,847605	
2,994055	4,333705	4,489105	4,910582	5,727107	6,520338	7,638326	7,663450	10,406590	10,847605	
1,810892	3,711048	3,881778	4,450127	2,710824	4,544746	2,835817	5,279947	7,135584	10,475235	
1,810892	2,710824	2,835817	3,711048	3,881778	4,450127	4,544746	5,279947	7,135584	10,475235	
1,828890	2,826886	3,112826	3,010575	3,318624	3,336350	3,356334	5,963830	6,432748	11,937785	
1,828890	2,826886	3,010575	3,112826	3,318624	3,336350	3,356334	5,963830	6,432748	11,937785	
2,016509	3,118148	3,232264	3,231089	3,287953	3,287953	3,012627	7,922584	11,202837	11,747145	
2,016509	3,012627	3,118148	3,231089	3,232264	3,287953	3,287953	7,922584	11,202837	11,747145	
2,948192	3,185380	3,286553	3,286553	3,262465	3,262465	5,111737	6,671699	7,364394	8,998973	
2,948192	3,185380	3,262465	3,262465	3,286553	3,286553	5,111737	6,671699	7,364394	8,998973	
3,086463	3,086463	3,162938	3,229618	3,262465	4,521244	4,566276	4,582371	6,514974	10,650490	
3,086463	3,086463	3,162938	3,229618	3,262465	4,521244	4,566276	4,582371	6,514974	10,650490	
3,167092	3,202703	4,090676	4,168850	4,466733	6,593254	6,342528	8,593251	8,828833	10,029984	
3,167092	3,202703	4,090676	4,168850	4,466733	6,342528	6,593254	8,593251	8,828833	10,029984	
3,185977	3,521872	4,150888	4,150888	4,505177	4,505177	6,525112	9,760785	10,357850	11,741882	
3,185977	3,521872	4,150888	4,150888	4,505177	4,505177	6,525112	9,760785	10,357850	11,741882	
3,089611	3,089611	3,089611	3,383701	4,204427	6,089996	8,150776	9,486839	9,856875	11,201378	
3,089611	3,089611	3,089611	3,383701	4,204427	6,089996	8,150776	9,486839	9,856875	11,201378	
2,424488	2,912266	2,912266	4,092969	4,092969	4,092969	4,500574	3,156937	5,820784	9,379932	
2,424488	2,912266	2,912266	3,156937	4,092969	4,092969	4,092969	4,500574	5,820784	9,379932	
0,833226	1,896643	2,612196	2,612196	3,298026	3,526328	4,432603	4,434971	6,144011	11,680532	
0,833226	1,896643	2,612196	2,612196	3,298026	3,526328	4,432603	4,434971	6,144011	11,680532	
1,506162	1,506162	1,506162	1,506162	3,330233	4,477291	6,928905	9,179754	10,392426	11,506336	
1,506162	1,506162	1,506162	1,506162	3,330233	4,477291	6,928905	9,179754	10,392426	11,506336	
1,506162	1,506162	1,506162	2,631124	2,631124	2,631124	3,510405	6,998946	9,901402	11,736060	
1,506162	1,506162	1,506162	2,631124	2,631124	2,631124	3,510405	6,998946	9,901402	11,736060	
1,506162	1,506162	2,116025	2,116025	2,116025	2,611086	5,722129	5,376867	6,883711	10,176896	
1,506162	1,506162	2,116025	2,116025	2,116025	2,611086	5,376867	5,722129	6,883711	10,176896	
1,819348	1,819348	1,819348	2,348242	4,838661	5,494072	6,358272	6,358272	6,221742	10,460850	
1,819348	1,819348	1,819348	2,348242	4,838661	5,494072	6,221742	6,358272	6,358272	10,460850	
2,081280	2,081280	3,579156	3,909696	3,990261	3,968204	3,776698	6,605034	7,865502	9,378679	
2,081280	2,081280	3,579156	3,776698	3,909696	3,968204	3,990261	6,605034	7,865502	9,378679	
2,619232	3,184564	3,658183	4,075433	4,379703	4,008542	4,486661	6,245563	7,606675	11,659958	
2,619232	3,184564	3,658183	4,008542	4,075433	4,379703	4,486661	6,245563	7,606675	11,659958	
2,137138	2,830742	3,439379	3,556036	3,762299	4,341253	4,489385	5,930908	6,274096	9,084013	
2,137138	2,830742	3,439379	3,556036	3,762299	4,341253	4,489385	5,930908	6,274096	9,084013	
2,759166	3,252683	4,002017	4,315516	3,990662	3,651694	5,660646	5,914885	6,551419	10,150314	
2,759166	3,252683	3,651694	3,990662	4,002017	4,315516	5,660646	5,914885	6,551419	10,150314	
3,653490	3,898757	4,048009	4,174808	4,730939	5,099362	6,532821	5,025587	6,566743	7,246861	
3,653490	3,898757	4,048009	4,174808	4,730939	5,025587	5,099362	6,532821	6,566743	7,246861	
3,978861	4,183408	4,449292	2,836855	4,459423	5,141258	5,865989	6,956388	8,507221	11,246199	
2,836855	3,978861	4,183408	4,449292	4,459423	5,141258	5,865989	6,956388	8,507221	11,246199	
4,163458	4,381464	4,366007	4,672045	5,363612	6,551389	8,420504	8,740973	9,764452	9,000982	
4,163458	4,366007	4,381464	4,672045	5,363612	6,551389	8,420504	8,740973	9,000982	9,764452	
4,565129	4,565129	4,301648	4,141726	5,260536	4,577868	6,580093	6,371636	5,956291	6,741766	
4,141726	4,301648	4,565129	4,565129	4,577868	5,260536	5,956291	6,371636	6,580093	6,741766	
3,321389	3,254925	3,161621	3,733444	3,413014	4,544685	4,381447	5,880073	7,111333	11,828412	
3,161621	3,254925	3,321389	3,413014	3,733444	4,381447	4,544685	5,880073	7,111333	11,828412	
0,786142	0,786142	2,990117	2,990117	4,118134	3,217507	6,369069	7,453170	8,332870	9,821308	
0,786142	0,786142	2,990117	2,990117	3,217507	4,118134	6,369069	7,453170	8,332870	9,821308	
0,786142	1,588745	3,193448	3,367627	3,367627	3,391741	3,160713	4,458406	6,395250	9,442053	
0,786142	1,588745	3,160713	3,193448	3,367627	3,367627	3,391741	4,458406	6,395250	9,442053	
1,511304	1,511304	2,119073	3,085228	3,464290	3,652391	3,424699	5,503007	6,214261	11,690995	
1,511304	1,511304	2,119073	3,085228	3,424699	3,464290	3,652391	5,503007	6,214261	11,690995	
1,511304	1,506262	2,826885	3,134393	3,424425	4,301468	4,565484	7,404457	7,644710	8,958067	
1,506262	1,511304	2,826885	3,134393	3,424425	4,301468	4,565484	7,404457	7,644710	8,958067	
1,418981	2,440826	3,752581	4,056860	4,675025	6,321456	6,620180	8,163825	10,705193	11,606193	
1,418981	2,440826	3,752581	4,056860	4,675025	6,321456	6,620180	8,163825	10,705193	11,606193	
3,133344	3,229208	3,229208	4,594837	3,612944	4,518985	7,670709	8,251086	8,397258	8,500368	
3,133344	3,229208	3,229208	3,612944	4,518985	4,594837	7,670709	8,251086	8,397258	8,500368	
3,397563	4,355510	6,075698	6,191398	6,290829	7,194255	8,928895	9,426081	10,904599	11,789197	
3,397563	4,355510	6,075698	6,191398	6,290829	7,194255	8,928895	9,426081	10,904599	11,789197	
2,821079	3,336735	4,443533	5,124733	8,167146	8,068566	8,795559	7,572942	9,003324	9,573146	
2,821079	3,336735	4,443533	5,124733	7,572942	8,068566	8,167146	8,795559	9,003324	9,573146	
0,855445	2,082321	3,357301	3,384370	6,296793	6,595390	8,383576	9,287230	11,057540	11,373646	
0,855445	2,082321	3,357301	3,384370	6,296793	6,595390	8,383576	9,287230	11,057540	11,373646	
1,471681	2,155453	3,954470	4,243268	4,243268	5,618577	7,727311	8,308314	7,884390	11,179107	
1,471681	2,155453	3,954470	4,243268	4,243268	5,618577	7,727311	7,884390	8,308314	11,179107	
3,159609	4,204457	3,797129	4,332747	4,483491	5,517088	5,691006	5,691006	7,207631	7,988657	
3,159609	3,797129	4,204457	4,332747	4,483491	5,517088	5,691006	5,691006	7,207631	7,988657	
3,331647	3,421201	4,112582	4,112582	5,130688	5,878663	6,090438	5,956035	5,707512	6,619802	
3,331647	3,421201	4,112582	4,112582	5,130688	5,707512	5,878663	5,956035	6,090438	6,619802	
3,170850	4,449618	3,782346	5,254196	5,812334	5,540747	6,012315	5,927184	5,277589	10,775855	
3,170850	3,782346	4,449618	5,254196	5,277589	5,540747	5,812334	5,927184	6,012315	10,775855	
3,205130	4,640298	4,968630	4,913312	4,913312	5,414806	5,517769	5,681951	5,123204	8,562192	
3,205130	4,640298	4,913312	4,913312	4,968630	5,123204	5,414806	5,517769	5,681951	8,562192	
1,262996	1,708695	4,007255	4,896381	5,283427	5,198605	5,394333	5,558851	5,687828	5,576790	
1,262996	1,708695	4,007255	4,896381	5,198605	5,283427	5,394333	5,558851	5,576790	5,687828	
3,249583	4,449388	5,212693	5,202560	5,299536	5,332567	5,529982	12,077690	11,416472	10,244565	
3,249583	4,449388	5,202560	5,212693	5,299536	5,332567	5,529982	10,244565	11,416472	12,077690	
2,475915	2,716158	3,301084	5,124762	5,198692	5,198692	5,257222	5,439436	8,254098	7,037386	
2,475915	2,716158	3,301084	5,124762	5,198692	5,198692	5,257222	5,439436	7,037386	8,254098	
0,886632	2,764261	2,710741	4,713430	4,464690	5,226541	5,226541	5,294117	8,017364	10,973456	
0,886632	2,710741	2,764261	4,464690	4,713430	5,226541	5,226541	5,294117	8,017364	10,973456	
0,946984	2,685450	3,964939	3,285346	4,542555	3,582542	5,260909	7,113150	9,115102	11,086432	
0,946984	2,685450	3,285346	3,582542	3,964939	4,542555	5,260909	7,113150	9,115102	11,086432	
3,150312	4,221006	3,083560	2,700941	2,693870	4,558474	6,612168	7,075760	9,972037	10,050689	
2,693870	2,700941	3,083560	3,150312	4,221006	4,558474	6,612168	7,075760	9,972037	10,050689	
3,727906	4,110759	2,880754	2,880754	2,880754	4,471965	6,442152	6,442152	6,700022	10,181149	
2,880754	2,880754	2,880754	3,727906	4,110759	4,471965	6,442152	6,442152	6,700022	10,181149	
0,895693	1,899701	2,880754	3,153860	3,959010	5,660764	6,442152	6,183774	6,183774	6,119058	
0,895693	1,899701	2,880754	3,153860	3,959010	5,660764	6,119058	6,183774	6,183774	6,442152	
3,175283	4,194600	4,381753	4,283489	4,283489	5,835370	5,412189	7,965013	10,332499	10,385374	
3,175283	4,194600	4,283489	4,283489	4,381753	5,412189	5,835370	7,965013	10,332499	10,385374	
2,571460	2,980429	3,151393	3,469065	3,966532	4,923602	6,646545	7,755229	8,564530	11,117033	
2,571460	2,980429	3,151393	3,469065	3,966532	4,923602	6,646545	7,755229	8,564530	11,117033	
1,971500	2,621757	3,126404	3,797703	3,487296	4,388888	4,383683	7,194278	7,194278	7,752918	
1,971500	2,621757	3,126404	3,487296	3,797703	4,383683	4,388888	7,194278	7,194278	7,752918	
1,454374	2,904122	3,700912	4,369617	2,646071	4,286055	7,580991	8,607070	10,280576	9,598041	
1,454374	2,646071	2,904122	3,700912	4,286055	4,369617	7,580991	8,607070	9,598041	10,280576	
2,421914	2,321973	3,124697	4,736246	6,085382	5,714874	7,411376	7,145317	10,015519	9,541066	
2,321973	2,421914	3,124697	4,736246	5,714874	6,085382	7,145317	7,411376	9,541066	10,015519	
3,265577	4,491534	4,375096	5,496884	4,823052	4,823052	5,628478	5,570765	7,896136	9,181857	
3,265577	4,375096	4,491534	4,823052	4,823052	5,496884	5,570765	5,628478	7,896136	9,181857	
4,480458	2,588415	2,780866	2,906601	4,623806	3,760948	5,492465	8,037194	9,187195	10,143246	
2,588415	2,780866	2,906601	3,760948	4,480458	4,623806	5,492465	8,037194	9,187195	10,143246	
4,556389	4,556389	5,558398	4,964051	5,657790	5,657790	5,946914	6,269103	8,096773	8,622654	
4,556389	4,556389	4,964051	5,558398	5,657790	5,657790	5,946914	6,269103	8,096773	8,622654	
4,420028	4,556389	4,361743	4,361743	4,088524	4,088524	5,293803	5,657790	6,699100	8,253305	
4,088524	4,088524	4,361743	4,361743	4,420028	4,556389	5,293803	5,657790	6,699100	8,253305	
3,010503	3,010503	3,010503	3,022635	4,558667	4,561244	4,498738	5,888412	7,603892	8,635837	
3,010503	3,010503	3,010503	3,022635	4,498738	4,558667	4,561244	5,888412	7,603892	8,635837	
1,805628	2,210086	3,010503	3,654073	2,631706	4,183202	5,698623	5,321755	5,703704	6,934694	
1,805628	2,210086	2,631706	3,010503	3,654073	4,183202	5,321755	5,698623	5,703704	6,934694	
2,929753	3,472790	3,823743	3,030958	3,312722	4,199531	6,371419	6,395986	8,704088	10,391943	
2,929753	3,030958	3,312722	3,472790	3,823743	4,199531	6,371419	6,395986	8,704088	10,391943	
3,221954	2,734256	8,572520	7,801840	7,707210	8,641343	9,210218	9,985074	11,114494	11,548816	
2,734256	3,221954	7,707210	7,801840	8,572520	8,641343	9,210218	9,985074	11,114494	11,548816	
0,389727	3,175384	2,907954	5,526616	5,516116	5,395114	5,455313	9,020444	9,574656	9,006115	
0,389727	2,907954	3,175384	5,395114	5,455313	5,516116	5,526616	9,006115	9,020444	9,574656	
0,440295	3,936305	4,108461	2,791220	5,156334	5,950889	4,921228	8,165377	7,741110	7,444686	
0,440295	2,791220	3,936305	4,108461	4,921228	5,156334	5,950889	7,444686	7,741110	8,165377	
2,202186	2,202186	2,827849	3,241508	4,735816	5,338516	5,983173	6,608035	8,572077	9,724261	
2,202186	2,202186	2,827849	3,241508	4,735816	5,338516	5,983173	6,608035	8,572077	9,724261	
2,447232	2,447232	2,447232	3,099165	3,196112	3,196112	4,491942	3,456265	6,614857	6,642539	
2,447232	2,447232	2,447232	3,099165	3,196112	3,196112	3,456265	4,491942	6,614857	6,642539	
2,447232	2,447232	2,447232	2,816054	3,944351	3,155117	4,437913	5,208045	5,373940	5,341278	
2,447232	2,447232	2,447232	2,816054	3,155117	3,944351	4,437913	5,208045	5,341278	5,373940	
2,447232	2,642070	2,642070	3,285245	3,323642	4,294541	4,356403	7,082507	8,858130	11,866510	
2,447232	2,642070	2,642070	3,285245	3,323642	4,294541	4,356403	7,082507	8,858130	11,866510	
2,236961	3,068831	3,068831	3,068831	3,556030	3,733657	3,247354	4,221535	6,556486	8,749594	
2,236961	3,068831	3,068831	3,068831	3,247354	3,556030	3,733657	4,221535	6,556486	8,749594	
3,157678	3,068831	3,803515	3,595483	5,571496	5,961216	5,961216	5,961216	6,486968	6,010499	
3,068831	3,157678	3,595483	3,803515	5,571496	5,961216	5,961216	5,961216	6,010499	6,486968	
4,009578	3,132054	4,304065	4,561919	4,561919	4,398942	3,693369	5,123835	6,960373	10,891877	
3,132054	3,693369	4,009578	4,304065	4,398942	4,561919	4,561919	5,123835	6,960373	10,891877	
3,289885	3,565922	3,353298	4,021524	2,809884	2,809884	4,564390	4,510206	3,871297	4,482854	
2,809884	2,809884	3,289885	3,353298	3,565922	3,871297	4,021524	4,482854	4,510206	4,564390	
3,423774	3,144229	3,106445	3,191968	2,782601	2,809884	3,709061	7,084840	9,744812	9,227223	
2,782601	2,809884	3,106445	3,144229	3,191968	3,423774	3,709061	7,084840	9,227223	9,744812	
1,163230	1,381334	2,968982	2,956837	4,576139	3,891379	5,636867	5,629515	7,791219	10,242019	
1,163230	1,381334	2,956837	2,968982	3,891379	4,576139	5,629515	5,636867	7,791219	10,242019	
2,794750	2,956498	2,936956	4,533146	4,912477	3,888939	6,686810	5,323414	9,647245	11,854195	
2,794750	2,936956	2,956498	3,888939	4,533146	4,912477	5,323414	6,686810	9,647245	11,854195	
2,876363	3,370428	3,634461	4,230745	3,566409	4,407362	5,567869	6,207467	5,729208	10,992857	
2,876363	3,370428	3,566409	3,634461	4,230745	4,407362	5,567869	5,729208	6,207467	10,992857	
0,470105	1,292701	3,519332	3,505320	4,076257	3,995960	4,315153	6,023655	7,314103	10,970271	
0,470105	1,292701	3,505320	3,519332	3,995960	4,076257	4,315153	6,023655	7,314103	10,970271	
2,080580	2,649834	3,047162	3,047162	3,077004	3,197820	4,349531	6,052726	9,794677	9,038179	
2,080580	2,649834	3,047162	3,047162	3,077004	3,197820	4,349531	6,052726	9,038179	9,794677	
0,897990	2,471215	2,471215	3,047162	3,906955	3,106091	6,327221	6,002909	5,825104	8,479495	
0,897990	2,471215	2,471215	3,047162	3,106091	3,906955	5,825104	6,002909	6,327221	8,479495	
1,959262	3,436310	3,277880	2,743550	6,159476	8,428736	7,938478	10,172758	9,854690	9,668548	
1,959262	2,743550	3,277880	3,436310	6,159476	7,938478	8,428736	9,668548	9,854690	10,172758	
2,344659	2,649041	2,649041	3,325099	5,087132	6,561259	6,565102	6,607354	8,448253	10,591721	
2,344659	2,649041	2,649041	3,325099	5,087132	6,561259	6,565102	6,607354	8,448253	10,591721	
4,562204	4,562204	4,563027	4,607341	4,535018	4,982796	6,282618	6,874519	7,529297	8,513852	
4,535018	4,562204	4,562204	4,563027	4,607341	4,982796	6,282618	6,874519	7,529297	8,513852	
3,243012	3,218404	4,261178	4,325923	4,562602	4,578592	3,766301	3,766301	11,941959	10,960437	
3,218404	3,243012	3,766301	3,766301	4,261178	4,325923	4,562602	4,578592	10,960437	11,941959	
3,197491	3,542416	3,827105	3,718481	4,042457	3,572616	4,309052	4,460249	6,656996	9,703098	
3,197491	3,542416	3,572616	3,718481	3,827105	4,042457	4,309052	4,460249	6,656996	9,703098	
3,162333	3,164732	3,424779	3,666709	3,226107	4,547755	6,565885	6,565885	8,893201	11,836824	
3,162333	3,164732	3,226107	3,424779	3,666709	4,547755	6,565885	6,565885	8,893201	11,836824	
1,740797	3,129341	3,240663	3,251868	4,482976	4,561144	4,670362	6,793314	7,389810	11,151026	
1,740797	3,129341	3,240663	3,251868	4,482976	4,561144	4,670362	6,793314	7,389810	11,151026	
0,821310	1,130889	3,237123	3,237123	3,885517	4,218115	4,218115	4,218115	3,341230	5,526298	
0,821310	1,130889	3,237123	3,237123	3,341230	3,885517	4,218115	4,218115	4,218115	5,526298	
0,974569	3,353785	3,353785	3,353785	3,353785	4,013028	4,076824	4,124380	8,141726	10,967881	
0,974569	3,353785	3,353785	3,353785	3,353785	4,013028	4,076824	4,124380	8,141726	10,967881	
2,217354	2,217354	2,217354	2,458384	3,353785	3,353785	5,942086	5,911641	5,904729	5,904729	
2,217354	2,217354	2,217354	2,458384	3,353785	3,353785	5,904729	5,904729	5,911641	5,942086	
1,162927	1,570285	2,937816	2,937816	3,001541	2,720831	3,458203	5,359851	5,519367	8,279911	
1,162927	1,570285	2,720831	2,937816	2,937816	3,001541	3,458203	5,359851	5,519367	8,279911	
0,666701	0,803980	0,803980	1,895603	2,318597	2,318597	2,463745	2,937816	2,744032	6,598763	
0,666701	0,803980	0,803980	1,895603	2,318597	2,318597	2,463745	2,744032	2,937816	6,598763	
0,765915	0,765915	0,765915	0,803980	1,436160	1,532925	4,238307	7,495174	8,163472	7,150194	
0,765915	0,765915	0,765915	0,803980	1,436160	1,532925	4,238307	7,150194	7,495174	8,163472	
0,577641	0,677214	0,677214	0,765915	0,765915	4,077991	9,171243	10,209646	11,208426	11,159166	
0,577641	0,677214	0,677214	0,765915	0,765915	4,077991	9,171243	10,209646	11,159166	11,208426	
0,598348	0,598348	0,598348	0,620433	0,677214	6,956718	7,107845	9,058844	10,149624	11,126624	
0,598348	0,598348	0,598348	0,620433	0,677214	6,956718	7,107845	9,058844	10,149624	11,126624	
0,567155	0,598348	4,492424	5,497331	5,301844	7,274709	7,274709	9,280657	11,931182	10,368445	
0,567155	0,598348	4,492424	5,301844	5,497331	7,274709	7,274709	9,280657	10,368445	11,931182	
4,499408	4,499408	5,537561	4,955344	7,171112	7,592364	9,548949	9,599521	8,943421	10,848773	
4,499408	4,499408	4,955344	5,537561	7,171112	7,592364	8,943421	9,548949	9,599521	10,848773	
1,766248	2,249409	3,270227	4,499408	4,539752	6,369310	8,059510	8,487833	9,017008	9,918737	
1,766248	2,249409	3,270227	4,499408	4,539752	6,369310	8,059510	8,487833	9,017008	9,918737	
0,920895	1,214499	2,674504	3,408702	4,193213	3,370261	3,877187	5,428845	6,177039	7,863444	
0,920895	1,214499	2,674504	3,370261	3,408702	3,877187	4,193213	5,428845	6,177039	7,863444	
2,253712	2,495434	2,598528	2,598528	3,045827	2,910298	4,007483	3,663422	6,145646	11,515100	
2,253712	2,495434	2,598528	2,598528	2,910298	3,045827	3,663422	4,007483	6,145646	11,515100	
2,446553	5,764133	5,764133	7,413191	7,413191	7,769816	8,772109	8,857022	11,505951	10,171563	
2,446553	5,764133	5,764133	7,413191	7,413191	7,769816	8,772109	8,857022	10,171563	11,505951	
3,026794	2,919992	3,270918	3,854272	6,624884	7,148510	7,148510	6,945489	8,116083	9,593363	
2,919992	3,026794	3,270918	3,854272	6,624884	6,945489	7,148510	7,148510	8,116083	9,593363	
4,339839	4,339839	4,477925	4,502696	5,140366	6,211322	6,555087	7,543209	8,612708	9,522687	
4,339839	4,339839	4,477925	4,502696	5,140366	6,211322	6,555087	7,543209	8,612708	9,522687	
4,415149	4,502235	4,502235	4,446549	5,381543	4,098964	6,552296	6,499967	6,464069	5,603862	
4,098964	4,415149	4,446549	4,502235	4,502235	5,381543	5,603862	6,464069	6,499967	6,552296	
4,496450	4,502235	3,987664	4,480108	5,790410	6,168138	6,667428	9,567356	11,191568	11,462251	
3,987664	4,480108	4,496450	4,502235	5,790410	6,168138	6,667428	9,567356	11,191568	11,462251	
3,094748	3,094748	3,938594	4,509464	4,500517	4,500517	3,978850	5,674207	7,166591	11,602843	
3,094748	3,094748	3,938594	3,978850	4,500517	4,500517	4,509464	5,674207	7,166591	11,602843	
2,426121	3,198400	4,437691	3,094748	3,943537	4,586649	4,500517	4,559866	8,050015	10,719711	
2,426121	3,094748	3,198400	3,943537	4,437691	4,500517	4,559866	4,586649	8,050015	10,719711	
3,256480	3,256480	3,189821	3,189821	4,374425	3,493544	3,943537	4,469024	6,930458	7,507706	
3,189821	3,189821	3,256480	3,256480	3,493544	3,943537	4,374425	4,469024	6,930458	7,507706	
3,117035	3,949512	3,674538	4,560379	4,608883	5,555593	8,120225	10,395260	9,803395	11,258384	
3,117035	3,674538	3,949512	4,560379	4,608883	5,555593	8,120225	9,803395	10,395260	11,258384	
3,256732	3,827986	4,026812	4,233184	2,884495	5,605010	7,187437	7,198857	9,795662	10,430044	
2,884495	3,256732	3,827986	4,026812	4,233184	5,605010	7,187437	7,198857	9,795662	10,430044	
1,741115	3,760308	3,930130	3,731186	5,567326	6,370018	6,128584	5,994913	5,574198	6,567068	
1,741115	3,731186	3,760308	3,930130	5,567326	5,574198	5,994913	6,128584	6,370018	6,567068	
3,819542	3,864739	4,582979	4,901767	5,198744	4,966864	6,002196	8,467201	11,222880	11,277475	
3,819542	3,864739	4,582979	4,901767	4,966864	5,198744	6,002196	8,467201	11,222880	11,277475	
4,518271	4,599815	3,929677	4,743586	4,743586	5,167884	6,374811	6,650286	5,937944	6,249504	
3,929677	4,518271	4,599815	4,743586	4,743586	5,167884	5,937944	6,249504	6,374811	6,650286	
4,526368	4,417059	4,417059	4,438840	4,157648	5,537790	6,623586	6,870256	8,215491	9,525507	
4,157648	4,417059	4,417059	4,438840	4,526368	5,537790	6,623586	6,870256	8,215491	9,525507	
2,810795	4,483189	4,312705	2,587320	4,417059	4,278995	6,135410	5,912786	5,660838	6,356218	
2,587320	2,810795	4,278995	4,312705	4,417059	4,483189	5,660838	5,912786	6,135410	6,356218	
3,248769	4,598305	4,810935	5,453453	6,482869	8,724876	11,595177	10,935345	10,342458	11,960271	
3,248769	4,598305	4,810935	5,453453	6,482869	8,724876	10,342458	10,935345	11,595177	11,960271	
4,347974	4,553719	4,363285	4,363285	6,726933	8,417065	8,453238	7,907735	8,757103	11,847636	
4,347974	4,363285	4,363285	4,553719	6,726933	7,907735	8,417065	8,453238	8,757103	11,847636	
4,640030	4,363285	4,363285	6,519853	6,605518	6,664303	8,650928	11,103652	12,071647	11,650895	
4,363285	4,363285	4,640030	6,519853	6,605518	6,664303	8,650928	11,103652	11,650895	12,071647	
3,140697	3,807096	3,019146	4,490212	6,639122	8,152333	9,137839	8,555352	8,463514	10,556827	
3,019146	3,140697	3,807096	4,490212	6,639122	8,152333	8,463514	8,555352	9,137839	10,556827	
4,557908	3,822383	5,916119	5,863611	6,293769	6,125011	6,772565	7,243389	8,484269	12,045434	
3,822383	4,557908	5,863611	5,916119	6,125011	6,293769	6,772565	7,243389	8,484269	12,045434	
1,329179	1,329179	3,081511	3,081511	3,506548	4,475372	4,519900	4,025737	4,238581	11,621441	
1,329179	1,329179	3,081511	3,081511	3,506548	4,025737	4,238581	4,475372	4,519900	11,621441	
1,241001	1,847511	2,273384	3,395332	3,568265	4,564664	6,346571	8,360633	7,509339	12,721786	
1,241001	1,847511	2,273384	3,395332	3,568265	4,564664	6,346571	7,509339	8,360633	12,721786	
1,593421	2,024165	3,565716	3,373258	3,446198	3,181334	4,200689	4,335034	4,156078	4,156078	
1,593421	2,024165	3,181334	3,373258	3,446198	3,565716	4,156078	4,156078	4,200689	4,335034	
2,803557	3,174203	3,344084	3,344084	3,189549	3,227098	2,717862	3,965176	7,697533	10,725556	
2,717862	2,803557	3,174203	3,189549	3,227098	3,344084	3,344084	3,965176	7,697533	10,725556	
0,134382	1,566824	1,566824	2,073006	3,078108	3,188936	3,618152	7,441349	7,358426	11,974218	
0,134382	1,566824	1,566824	2,073006	3,078108	3,188936	3,618152	7,358426	7,441349	11,974218	
0,540418	0,540418	0,841931	0,841931	1,566824	2,058465	3,322981	3,939819	5,828730	7,553782	
0,540418	0,540418	0,841931	0,841931	1,566824	2,058465	3,322981	3,939819	5,828730	7,553782	
1,038686	1,393792	1,396999	3,402402	3,402402	3,550021	5,427822	5,560844	9,588086	10,140030	
1,038686	1,393792	1,396999	3,402402	3,402402	3,550021	5,427822	5,560844	9,588086	10,140030	
1,106800	1,267727	2,276736	3,737121	3,221379	3,221379	6,567570	6,081239	6,141702	9,682226	
1,106800	1,267727	2,276736	3,221379	3,221379	3,737121	6,081239	6,141702	6,567570	9,682226	
1,097462	1,785515	3,714999	3,714999	4,891021	6,870349	7,706212	8,461843	9,902555	11,167510	
1,097462	1,785515	3,714999	3,714999	4,891021	6,870349	7,706212	8,461843	9,902555	11,167510	
1,391948	2,862080	2,862080	3,024760	3,963272	6,527722	7,774384	8,498815	7,452244	9,895435	
1,391948	2,862080	2,862080	3,024760	3,963272	6,527722	7,452244	7,774384	8,498815	9,895435	
4,416412	4,429310	4,678004	5,737923	6,543667	5,614460	8,422779	11,318110	11,816533	12,237600	
4,416412	4,429310	4,678004	5,614460	5,737923	6,543667	8,422779	11,318110	11,816533	12,237600	
2,298944	3,120059	3,098476	4,575739	4,420908	5,128316	8,558139	8,510436	9,096210	11,516826	
2,298944	3,098476	3,120059	4,420908	4,575739	5,128316	8,510436	8,558139	9,096210	11,516826	
2,587673	2,587673	3,949198	4,349234	3,511732	4,411722	6,149333	6,483866	7,118592	11,670668	
2,587673	2,587673	3,511732	3,949198	4,349234	4,411722	6,149333	6,483866	7,118592	11,670668	
2,805828	3,237606	3,525348	3,716710	3,969111	4,014171	4,332199	4,254723	3,365353	8,549903	
2,805828	3,237606	3,365353	3,525348	3,716710	3,969111	4,014171	4,254723	4,332199	8,549903	
0,562348	2,450539	2,732314	2,732314	2,857102	2,857102	3,506904	6,171739	6,386128	9,785836	
0,562348	2,450539	2,732314	2,732314	2,857102	2,857102	3,506904	6,171739	6,386128	9,785836	
0,761909	0,761909	0,823894	0,823894	1,107427	4,157592	6,553362	7,657593	9,816768	11,528444	
0,761909	0,761909	0,823894	0,823894	1,107427	4,157592	6,553362	7,657593	9,816768	11,528444	
0,823894	0,920327	0,920327	0,920327	0,920327	5,367254	5,261562	5,419528	7,922583	9,449088	
0,823894	0,920327	0,920327	0,920327	0,920327	5,261562	5,367254	5,419528	7,922583	9,449088	
0,762740	0,920327	0,920327	3,713519	4,157392	4,157392	5,422104	8,970877	11,328162	10,788260	
0,762740	0,920327	0,920327	3,713519	4,157392	4,157392	5,422104	8,970877	10,788260	11,328162	
0,816072	0,920327	1,725925	2,748058	3,125514	3,125514	2,711481	6,385187	8,029075	9,824153	
0,816072	0,920327	1,725925	2,711481	2,748058	3,125514	3,125514	6,385187	8,029075	9,824153	
1,682285	1,793479	1,793479	2,544688	2,907674	3,125514	3,218353	3,240237	3,128233	4,716662	
1,682285	1,793479	1,793479	2,544688	2,907674	3,125514	3,128233	3,218353	3,240237	4,716662	
1,177823	1,738134	1,793479	1,994534	2,094717	2,272377	3,231071	7,662004	10,446236	11,269482	
1,177823	1,738134	1,793479	1,994534	2,094717	2,272377	3,231071	7,662004	10,446236	11,269482	
1,765875	1,920764	1,931400	7,390041	7,641724	7,924628	8,858833	11,553432	11,597578	12,056831	
1,765875	1,920764	1,931400	7,390041	7,641724	7,924628	8,858833	11,553432	11,597578	12,056831	
3,837077	4,002474	4,980650	5,601316	4,238158	6,236880	7,272973	6,715744	9,885947	11,110468	
3,837077	4,002474	4,238158	4,980650	5,601316	6,236880	6,715744	7,272973	9,885947	11,110468	
0,750725	2,047271	3,267854	4,392401	4,723936	5,657867	6,580425	8,243736	10,000764	11,816496	
0,750725	2,047271	3,267854	4,392401	4,723936	5,657867	6,580425	8,243736	10,000764	11,816496	
1,815627	2,837434	4,380033	4,027601	3,264580	5,978108	5,629534	8,641760	8,133662	11,548992	
1,815627	2,837434	3,264580	4,027601	4,380033	5,629534	5,978108	8,133662	8,641760	11,548992	
1,191317	3,059654	3,129167	3,525358	3,224891	4,436177	3,177529	5,992948	5,992948	10,119330	
1,191317	3,059654	3,129167	3,177529	3,224891	3,525358	4,436177	5,992948	5,992948	10,119330	
1,334416	2,201992	3,330832	3,330832	3,385386	2,836672	3,490940	6,586272	8,171605	11,862897	
1,334416	2,201992	2,836672	3,330832	3,330832	3,385386	3,490940	6,586272	8,171605	11,862897	
2,812537	2,812537	3,034595	3,478433	3,478433	3,970530	3,150855	6,323893	7,866182	11,031589	
2,812537	2,812537	3,034595	3,150855	3,478433	3,478433	3,970530	6,323893	7,866182	11,031589	
2,725668	3,041329	3,286126	3,178553	6,204261	6,979447	7,989912	8,451778	11,786860	11,887078	
2,725668	3,041329	3,178553	3,286126	6,204261	6,979447	7,989912	8,451778	11,786860	11,887078	
1,309757	4,449778	4,515404	4,515404	4,688857	5,003783	5,546769	6,554491	9,059922	10,056248	
1,309757	4,449778	4,515404	4,515404	4,688857	5,003783	5,546769	6,554491	9,059922	10,056248	
3,386554	4,515404	4,546965	4,547458	6,490496	6,658525	6,529995	5,792919	9,039168	12,115046	
3,386554	4,515404	4,546965	4,547458	5,792919	6,490496	6,529995	6,658525	9,039168	12,115046	
4,384426	4,325670	4,029850	4,029850	6,184310	5,641448	6,047316	6,299580	6,032054	11,942430	
4,029850	4,029850	4,325670	4,384426	5,641448	6,032054	6,047316	6,184310	6,299580	11,942430	
4,594753	4,594753	4,709006	4,029850	6,086386	6,886985	8,137109	8,405518	8,405518	10,587140	
4,029850	4,594753	4,594753	4,709006	6,086386	6,886985	8,137109	8,405518	8,405518	10,587140	
2,858158	4,398121	4,385528	4,343582	4,343582	4,836254	5,587108	6,539977	7,783136	7,229013	
2,858158	4,343582	4,343582	4,385528	4,398121	4,836254	5,587108	6,539977	7,229013	7,783136	
4,116857	3,895267	3,605807	4,335662	5,820194	4,343582	4,343582	4,200863	6,329998	6,103900	
3,605807	3,895267	4,116857	4,200863	4,335662	4,343582	4,343582	5,820194	6,103900	6,329998	
3,759227	5,026112	3,940671	3,736042	3,736042	3,719899	3,687771	7,338764	8,951013	9,299447	
3,687771	3,719899	3,736042	3,736042	3,759227	3,940671	5,026112	7,338764	8,951013	9,299447	
5,200147	5,235913	3,777937	3,698704	3,698704	3,831117	3,813600	3,659514	6,526299	7,642874	
3,659514	3,698704	3,698704	3,777937	3,813600	3,831117	5,200147	5,235913	6,526299	7,642874	
4,592589	4,530903	3,698704	3,821467	3,647281	5,656450	5,740377	5,552417	6,903111	7,728715	
3,647281	3,698704	3,821467	4,530903	4,592589	5,552417	5,656450	5,740377	6,903111	7,728715	
2,503182	4,474552	4,544725	4,824081	4,173676	3,665822	5,937503	7,688600	8,481083	11,279757	
2,503182	3,665822	4,173676	4,474552	4,544725	4,824081	5,937503	7,688600	8,481083	11,279757	
4,035656	3,913747	4,612698	5,585420	6,712952	6,993637	7,442176	8,121699	8,587258	10,852364	
3,913747	4,035656	4,612698	5,585420	6,712952	6,993637	7,442176	8,121699	8,587258	10,852364	
4,523655	5,192778	5,865698	5,865698	6,393585	6,507383	6,251779	6,610178	6,366278	5,641976	
4,523655	5,192778	5,641976	5,865698	5,865698	6,251779	6,366278	6,393585	6,507383	6,610178	
2,947830	2,883137	3,569051	3,255992	4,605346	4,610593	5,327967	6,506046	6,654623	11,955592	
2,883137	2,947830	3,255992	3,569051	4,605346	4,610593	5,327967	6,506046	6,654623	11,955592	
2,070678	2,660941	2,856828	3,122299	3,594323	4,250323	4,292127	2,998452	8,324828	9,170934	
2,070678	2,660941	2,856828	2,998452	3,122299	3,594323	4,250323	4,292127	8,324828	9,170934	
0,657668	0,875840	2,694357	2,694357	2,926828	2,926828	2,937623	5,305895	6,501138	9,894511	
0,657668	0,875840	2,694357	2,694357	2,926828	2,926828	2,937623	5,305895	6,501138	9,894511	
1,657017	1,829072	1,829072	1,997774	2,991131	3,104283	4,685852	4,731378	9,189734	10,382943	
1,657017	1,829072	1,829072	1,997774	2,991131	3,104283	4,685852	4,731378	9,189734	10,382943	
1,743282	3,483718	3,349681	3,374594	3,525248	5,961190	5,532416	8,226855	11,177195	11,392728	
1,743282	3,349681	3,374594	3,483718	3,525248	5,532416	5,961190	8,226855	11,177195	11,392728	
2,574349	3,247432	3,460259	3,634021	4,385621	6,867698	5,188937	5,894755	9,904342	10,164503	
2,574349	3,247432	3,460259	3,634021	4,385621	5,188937	5,894755	6,867698	9,904342	10,164503	
3,369534	3,259373	3,393056	3,691398	6,383663	6,180020	6,132199	6,554626	7,644423	10,686276	
3,259373	3,369534	3,393056	3,691398	6,132199	6,180020	6,383663	6,554626	7,644423	10,686276	
0,485368	0,778209	2,255180	3,268570	3,471454	4,037378	3,069659	3,318684	4,520792	5,907252	
0,485368	0,778209	2,255180	3,069659	3,268570	3,318684	3,471454	4,037378	4,520792	5,907252	
1,060917	1,221086	1,460132	2,581404	3,382622	4,424829	4,475550	2,845499	4,434331	5,313589	
1,060917	1,221086	1,460132	2,581404	2,845499	3,382622	4,424829	4,434331	4,475550	5,313589	
1,302868	2,192072	2,991045	3,542690	4,251735	3,441195	4,025594	5,153909	4,698583	6,919302	
1,302868	2,192072	2,991045	3,441195	3,542690	4,025594	4,251735	4,698583	5,153909	6,919302	
3,241809	3,241809	3,253753	3,859669	3,388890	4,446698	4,832353	4,728599	9,174670	11,298686	
3,241809	3,241809	3,253753	3,388890	3,859669	4,446698	4,728599	4,832353	9,174670	11,298686	
1,334573	3,298964	4,370128	7,082055	7,297747	8,348831	8,517515	10,464890	11,921256	11,220180	
1,334573	3,298964	4,370128	7,082055	7,297747	8,348831	8,517515	10,464890	11,220180	11,921256	
2,873146	5,725974	6,150175	6,150175	7,196491	7,836375	7,878127	10,184196	11,296231	11,176565	
2,873146	5,725974	6,150175	6,150175	7,196491	7,836375	7,878127	10,184196	11,176565	11,296231	
2,769726	2,769726	2,769726	4,400610	4,400610	4,399383	6,177089	6,150175	6,644181	8,801646	
2,769726	2,769726	2,769726	4,399383	4,400610	4,400610	6,150175	6,177089	6,644181	8,801646	
2,769726	3,104692	4,402483	4,843886	6,306792	6,529552	7,954669	8,693554	9,609660	11,435969	
2,769726	3,104692	4,402483	4,843886	6,306792	6,529552	7,954669	8,693554	9,609660	11,435969	
4,010620	4,433313	4,652676	4,708986	5,038625	5,744644	8,018975	8,245192	7,380608	11,998067	
4,010620	4,433313	4,652676	4,708986	5,038625	5,744644	7,380608	8,018975	8,245192	11,998067	
2,135896	2,135896	2,872421	3,139657	4,183352	7,122763	8,092196	8,057565	8,868980	9,130227	
2,135896	2,135896	2,872421	3,139657	4,183352	7,122763	8,057565	8,092196	8,868980	9,130227	
2,982354	2,982354	2,982354	4,493850	5,252837	5,306831	5,450369	6,145002	6,145002	10,302118	
2,982354	2,982354	2,982354	4,493850	5,252837	5,306831	5,450369	6,145002	6,145002	10,302118	
2,982354	3,469343	4,079327	4,067655	4,496365	4,496365	6,155974	7,964798	11,386174	11,850469	
2,982354	3,469343	4,067655	4,079327	4,496365	4,496365	6,155974	7,964798	11,386174	11,850469	
3,617220	3,617220	3,617220	3,355300	4,202186	3,565427	4,496365	4,496365	6,466846	10,907331	
3,355300	3,565427	3,617220	3,617220	3,617220	4,202186	4,496365	4,496365	6,466846	10,907331	
3,617220	3,713969	4,236787	4,236787	4,475067	4,120074	6,042889	6,674781	6,913899	11,104623	
3,617220	3,713969	4,120074	4,236787	4,236787	4,475067	6,042889	6,674781	6,913899	11,104623	
3,995660	4,371473	4,371473	4,458113	4,364692	4,599205	6,464643	8,343753	10,179743	11,064890	
3,995660	4,364692	4,371473	4,371473	4,458113	4,599205	6,464643	8,343753	10,179743	11,064890	
3,704623	4,198650	6,122650	5,868083	6,519439	7,002908	8,108898	8,532480	8,361027	11,656921	
3,704623	4,198650	5,868083	6,122650	6,519439	7,002908	8,108898	8,361027	8,532480	11,656921	
3,175035	4,439749	4,576268	4,002021	3,815170	5,160209	5,965616	8,453116	8,567999	9,205563	
3,175035	3,815170	4,002021	4,439749	4,576268	5,160209	5,965616	8,453116	8,567999	9,205563	
1,555820	1,580986	4,582067	4,582067	4,128534	4,376153	5,178174	6,329551	6,911439	7,954113	
1,555820	1,580986	4,128534	4,376153	4,582067	4,582067	5,178174	6,329551	6,911439	7,954113	
0,400687	3,508291	5,285599	5,285599	6,187466	6,187466	6,401234	6,401234	8,882944	10,584758	
0,400687	3,508291	5,285599	5,285599	6,187466	6,187466	6,401234	6,401234	8,882944	10,584758	
3,196632	3,717724	2,719995	2,719995	4,047455	6,047132	6,047132	7,567467	10,318419	10,453341	
2,719995	2,719995	3,196632	3,717724	4,047455	6,047132	6,047132	7,567467	10,318419	10,453341	
2,423943	2,719995	4,600373	3,924955	4,549829	5,306732	6,651818	5,469393	8,441339	10,986447	
2,423943	2,719995	3,924955	4,549829	4,600373	5,306732	5,469393	6,651818	8,441339	10,986447	
0,871842	4,096952	4,169475	4,660158	4,660158	5,723906	7,169361	7,808899	10,856412	11,547183	
0,871842	4,096952	4,169475	4,660158	4,660158	5,723906	7,169361	7,808899	10,856412	11,547183	
2,463123	3,848449	3,805954	4,369247	4,519024	5,817502	6,990613	6,160702	6,298665	9,848300	
2,463123	3,805954	3,848449	4,369247	4,519024	5,817502	6,160702	6,298665	6,990613	9,848300	
2,973641	3,537160	4,024248	4,172258	3,455519	4,571172	6,661109	6,688588	8,451000	7,234935	
2,973641	3,455519	3,537160	4,024248	4,172258	4,571172	6,661109	6,688588	7,234935	8,451000	
3,050303	3,380145	3,787309	3,404451	3,612484	4,021647	4,490819	5,371176	8,554117	10,373362	
3,050303	3,380145	3,404451	3,612484	3,787309	4,021647	4,490819	5,371176	8,554117	10,373362	
3,013301	3,399442	3,229266	3,617143	3,248987	3,246577	4,911229	6,722771	5,856856	7,622120	
3,013301	3,229266	3,246577	3,248987	3,399442	3,617143	4,911229	5,856856	6,722771	7,622120	
2,183650	2,843647	3,268542	3,590955	4,556052	4,606762	5,626700	6,219237	9,820544	9,828957	
2,183650	2,843647	3,268542	3,590955	4,556052	4,606762	5,626700	6,219237	9,820544	9,828957	
1,214110	1,243568	2,947624	3,408981	4,157637	4,307814	6,165763	5,586501	6,598573	10,925944	
1,214110	1,243568	2,947624	3,408981	4,157637	4,307814	5,586501	6,165763	6,598573	10,925944	
1,726417	2,291876	3,755013	4,595845	4,320203	5,574195	4,636943	8,614666	10,018102	9,570730	
1,726417	2,291876	3,755013	4,320203	4,595845	4,636943	5,574195	8,614666	9,570730	10,018102	
3,242617	3,382699	3,717287	4,589793	4,507511	4,871969	6,312256	7,688014	9,789742	11,468954	
3,242617	3,382699	3,717287	4,507511	4,589793	4,871969	6,312256	7,688014	9,789742	11,468954	
3,309978	3,309978	3,877085	4,083778	4,249557	4,586828	8,279443	9,214011	11,762108	12,617936	
3,309978	3,309978	3,877085	4,083778	4,249557	4,586828	8,279443	9,214011	11,762108	12,617936	
3,309978	3,852948	3,852948	3,852948	5,232594	6,259781	8,342098	8,797235	9,534679	11,223260	
3,309978	3,852948	3,852948	3,852948	5,232594	6,259781	8,342098	8,797235	9,534679	11,223260	
3,824532	4,522552	4,522552	3,777786	3,674842	5,607112	6,203037	6,649979	7,302215	10,447594	
3,674842	3,777786	3,824532	4,522552	4,522552	5,607112	6,203037	6,649979	7,302215	10,447594	
3,337665	3,337665	3,941299	4,555078	4,087661	5,643054	6,249250	6,326574	8,114416	11,002018	
3,337665	3,337665	3,941299	4,087661	4,555078	5,643054	6,249250	6,326574	8,114416	11,002018	
3,357372	3,357372	3,357372	3,895968	3,980901	3,980901	4,418262	4,418262	4,779144	6,047524	
3,357372	3,357372	3,357372	3,895968	3,980901	3,980901	4,418262	4,418262	4,779144	6,047524	
3,357372	3,826480	3,254081	4,559019	4,573371	7,048274	7,280056	9,686598	10,223525	11,433683	
3,254081	3,357372	3,826480	4,559019	4,573371	7,048274	7,280056	9,686598	10,223525	11,433683	
3,793589	4,008429	3,593371	4,158841	4,087588	4,665528	5,875724	6,037269	6,309108	8,364006	
3,593371	3,793589	4,008429	4,087588	4,158841	4,665528	5,875724	6,037269	6,309108	8,364006	
3,837282	3,703665	4,101721	4,580115	4,483391	4,214208	4,697651	6,433979	7,724836	11,893387	
3,703665	3,837282	4,101721	4,214208	4,483391	4,580115	4,697651	6,433979	7,724836	11,893387	
3,014968	3,014968	3,739611	3,772551	3,772551	3,974407	4,457050	6,305024	5,733331	6,548699	
3,014968	3,014968	3,739611	3,772551	3,772551	3,974407	4,457050	5,733331	6,305024	6,548699	
2,944292	2,867490	3,948623	6,154587	6,641418	7,066853	7,577837	7,840417	9,013003	11,394829	
2,867490	2,944292	3,948623	6,154587	6,641418	7,066853	7,577837	7,840417	9,013003	11,394829	
4,593769	4,108626	3,122723	6,513423	7,494149	7,370895	6,681227	8,487540	9,605345	12,080453	
3,122723	4,108626	4,593769	6,513423	6,681227	7,370895	7,494149	8,487540	9,605345	12,080453	
2,813657	3,487513	5,707415	5,781929	6,269197	7,633333	8,079091	9,372514	10,215248	11,689678	
2,813657	3,487513	5,707415	5,781929	6,269197	7,633333	8,079091	9,372514	10,215248	11,689678	
2,788024	4,318579	3,837893	3,837893	3,690949	8,089767	7,630358	8,006334	8,006334	11,994474	
2,788024	3,690949	3,837893	3,837893	4,318579	7,630358	8,006334	8,006334	8,089767	11,994474	
4,367635	4,544705	4,080115	5,927672	6,515869	6,468365	6,314227	7,565698	8,569139	8,120936	
4,080115	4,367635	4,544705	5,927672	6,314227	6,468365	6,515869	7,565698	8,120936	8,569139	
3,427512	4,595266	3,305872	3,216162	4,593784	5,970201	5,889608	6,668036	8,165225	8,605831	
3,216162	3,305872	3,427512	4,593784	4,595266	5,889608	5,970201	6,668036	8,165225	8,605831	
4,298494	4,332352	4,319333	4,363308	4,386784	6,456767	8,218754	9,190847	10,272271	11,806988	
4,298494	4,319333	4,332352	4,363308	4,386784	6,456767	8,218754	9,190847	10,272271	11,806988	
3,386314	4,084962	4,354507	4,964050	5,236720	4,496208	6,614541	6,794724	8,494448	11,681952	
3,386314	4,084962	4,354507	4,496208	4,964050	5,236720	6,614541	6,794724	8,494448	11,681952	
3,192725	4,492572	3,017833	3,017833	4,410898	6,242466	5,778654	6,623268	9,116287	11,904088	
3,017833	3,017833	3,192725	4,410898	4,492572	5,778654	6,242466	6,623268	9,116287	11,904088	
3,912392	4,675468	4,663950	5,568847	5,795597	7,978258	8,116243	7,955783	10,079312	11,695715	
3,912392	4,663950	4,675468	5,568847	5,795597	7,955783	7,978258	8,116243	10,079312	11,695715	
4,239118	4,244206	4,244206	5,265101	5,315993	6,492275	8,186970	8,141757	8,892858	11,815405	
4,239118	4,244206	4,244206	5,265101	5,315993	6,492275	8,141757	8,186970	8,892858	11,815405	
3,935420	4,414933	4,237223	4,591604	4,591604	4,564167	4,612755	6,544959	6,229360	6,337874	
3,935420	4,237223	4,414933	4,564167	4,591604	4,591604	4,612755	6,229360	6,337874	6,544959	
4,011128	3,446191	4,099886	4,209193	4,578757	4,248350	4,785048	5,352079	6,715866	9,157744	
3,446191	4,011128	4,099886	4,209193	4,248350	4,578757	4,785048	5,352079	6,715866	9,157744	
1,147972	1,147972	2,865851	3,511806	3,267554	4,297050	6,154348	7,985313	10,163981	11,776240	
1,147972	1,147972	2,865851	3,267554	3,511806	4,297050	6,154348	7,985313	10,163981	11,776240	
2,133904	2,964967	2,964967	3,354596	4,564535	7,916897	10,237482	10,351331	10,282868	10,891277	
2,133904	2,964967	2,964967	3,354596	4,564535	7,916897	10,237482	10,282868	10,351331	10,891277	
2,601385	2,601385	2,601385	2,601385	6,466763	5,736799	7,735385	8,216721	8,367368	10,047367	
2,601385	2,601385	2,601385	2,601385	5,736799	6,466763	7,735385	8,216721	8,367368	10,047367	
2,601385	2,601385	4,063960	4,644091	4,644091	5,365386	5,365386	5,971117	10,296332	11,712362	
2,601385	2,601385	4,063960	4,644091	4,644091	5,365386	5,365386	5,971117	10,296332	11,712362	
2,672171	3,297303	3,297303	4,547781	3,936345	7,789793	7,757816	9,067574	11,376255	10,254497	
2,672171	3,297303	3,297303	3,936345	4,547781	7,757816	7,789793	9,067574	10,254497	11,376255	
3,830659	2,847412	2,847412	4,529194	5,160162	5,955238	6,425444	5,656045	7,454035	8,563358	
2,847412	2,847412	3,830659	4,529194	5,160162	5,656045	5,955238	6,425444	7,454035	8,563358	
1,702528	1,702528	3,074734	3,534413	2,847412	3,967739	5,928255	6,423691	7,045310	11,709358	
1,702528	1,702528	2,847412	3,074734	3,534413	3,967739	5,928255	6,423691	7,045310	11,709358	
0,765844	0,765844	0,765844	1,774094	3,022433	3,198707	3,198707	3,315976	3,044579	2,906435	
0,765844	0,765844	0,765844	1,774094	2,906435	3,022433	3,044579	3,198707	3,198707	3,315976	
0,285141	0,765844	0,765844	1,723436	1,723436	2,883777	2,959064	9,161461	9,556961	10,843054	
0,285141	0,765844	0,765844	1,723436	1,723436	2,883777	2,959064	9,161461	9,556961	10,843054	
0,173136	0,173136	0,765844	0,924756	3,261201	4,975216	5,028894	5,028894	7,537626	7,634189	
0,173136	0,173136	0,765844	0,924756	3,261201	4,975216	5,028894	5,028894	7,537626	7,634189	
0,425195	3,289202	2,751409	2,660044	2,660044	2,673743	2,761921	3,186323	9,746583	10,887757	
0,425195	2,660044	2,660044	2,673743	2,751409	2,761921	3,186323	3,289202	9,746583	10,887757	
0,188180	3,002219	2,857469	2,768888	2,650096	2,650096	3,024026	3,600558	8,410747	11,439518	
0,188180	2,650096	2,650096	2,768888	2,857469	3,002219	3,024026	3,600558	8,410747	11,439518	
0,073614	3,071767	3,071767	2,709500	4,489360	5,071111	7,678569	9,580523	9,839935	10,576609	
0,073614	2,709500	3,071767	3,071767	4,489360	5,071111	7,678569	9,580523	9,839935	10,576609	
1,802766	1,802766	3,071767	3,150793	4,083070	2,875888	6,631306	7,419366	7,724880	10,318107	
1,802766	1,802766	2,875888	3,071767	3,150793	4,083070	6,631306	7,419366	7,724880	10,318107	
0,777748	1,802766	3,704949	2,600780	4,514340	4,868529	8,356662	7,560903	10,735968	11,920004	
0,777748	1,802766	2,600780	3,704949	4,514340	4,868529	7,560903	8,356662	10,735968	11,920004	
3,257076	3,257076	3,257076	4,075059	4,133419	4,563905	6,424094	6,655921	7,266228	8,507185	
3,257076	3,257076	3,257076	4,075059	4,133419	4,563905	6,424094	6,655921	7,266228	8,507185	
3,257076	3,624729	3,624729	4,143262	3,755623	4,517526	4,561607	4,564774	6,038934	8,586802	
3,257076	3,624729	3,624729	3,755623	4,143262	4,517526	4,561607	4,564774	6,038934	8,586802	
3,859649	3,624729	4,107758	4,025636	3,718318	4,306328	4,251284	4,848587	7,934230	9,020405	
3,624729	3,718318	3,859649	4,025636	4,107758	4,251284	4,306328	4,848587	7,934230	9,020405	
0,210459	0,210459	0,340157	0,547598	2,260135	2,419853	3,452316	4,212625	5,089713	6,221654	
0,210459	0,210459	0,340157	0,547598	2,260135	2,419853	3,452316	4,212625	5,089713	6,221654	
0,210459	0,210459	0,313398	1,166898	1,200119	1,200119	3,489936	3,573188	11,092224	11,978938	
0,210459	0,210459	0,313398	1,166898	1,200119	1,200119	3,489936	3,573188	11,092224	11,978938	
0,236150	0,258995	0,258995	0,631398	0,631398	0,640826	0,640826	0,717759	0,717759	8,267483	
0,236150	0,258995	0,258995	0,631398	0,631398	0,640826	0,640826	0,717759	0,717759	8,267483	
0,244488	0,430936	0,430936	0,432993	0,466310	0,466310	0,631398	4,739811	5,604645	7,257111	
0,244488	0,430936	0,430936	0,432993	0,466310	0,466310	0,631398	4,739811	5,604645	7,257111	
0,333083	0,349337	0,447962	3,232472	5,666483	6,470711	6,071632	7,529572	9,200856	8,786700	
0,333083	0,349337	0,447962	3,232472	5,666483	6,071632	6,470711	7,529572	8,786700	9,200856	
0,341025	0,397568	2,851235	4,369892	4,369892	6,324535	4,914903	5,750858	8,454679	11,652587	
0,341025	0,397568	2,851235	4,369892	4,369892	4,914903	5,750858	6,324535	8,454679	11,652587	
4,255343	4,264843	4,264843	4,468749	4,977424	4,977424	4,369892	7,869279	7,830938	8,442878	
4,255343	4,264843	4,264843	4,369892	4,468749	4,977424	4,977424	7,830938	7,869279	8,442878	
2,904078	3,255513	4,264843	2,924771	4,565855	3,470504	3,470504	9,997232	9,196114	10,581680	
2,904078	2,924771	3,255513	3,470504	3,470504	4,264843	4,565855	9,196114	9,997232	10,581680	
4,095101	3,921475	2,606964	6,063157	6,063157	8,030050	7,690336	9,224367	10,906742	11,704425	
2,606964	3,921475	4,095101	6,063157	6,063157	7,690336	8,030050	9,224367	10,906742	11,704425	
5,671278	5,671278	4,973944	6,064948	5,786518	5,344109	5,585426	6,140400	7,123410	11,244447	
4,973944	5,344109	5,585426	5,671278	5,671278	5,786518	6,064948	6,140400	7,123410	11,244447	
0,916328	0,916328	3,414567	4,265813	3,102949	5,549988	5,549988	8,786897	11,188871	12,046584	
0,916328	0,916328	3,102949	3,414567	4,265813	5,549988	5,549988	8,786897	11,188871	12,046584	
1,398563	1,846254	2,066697	3,291800	3,291800	3,872338	3,872338	6,195362	9,939973	12,205673	
1,398563	1,846254	2,066697	3,291800	3,291800	3,872338	3,872338	6,195362	9,939973	12,205673	
0,536586	1,019445	1,019445	2,160933	2,700505	3,228205	4,935375	8,025930	7,979008	7,979008	
0,536586	1,019445	1,019445	2,160933	2,700505	3,228205	4,935375	7,979008	7,979008	8,025930	
0,971510	2,020615	2,107333	3,067046	2,892779	4,777559	5,684229	5,238059	5,656458	7,240321	
0,971510	2,020615	2,107333	2,892779	3,067046	4,777559	5,238059	5,656458	5,684229	7,240321	
0,530286	2,652907	3,254698	3,870295	2,933145	2,681724	4,433623	4,993742	9,073768	11,562514	
0,530286	2,652907	2,681724	2,933145	3,254698	3,870295	4,433623	4,993742	9,073768	11,562514	
2,481996	2,481996	3,259667	3,132871	3,292835	3,292835	5,485855	7,844797	10,311098	10,581926	
2,481996	2,481996	3,132871	3,259667	3,292835	3,292835	5,485855	7,844797	10,311098	10,581926	
2,481996	3,265933	3,265933	4,986085	5,523049	5,655164	6,753590	7,840734	8,076694	11,521054	
2,481996	3,265933	3,265933	4,986085	5,523049	5,655164	6,753590	7,840734	8,076694	11,521054	
0,743321	0,743321	3,590752	3,585240	4,540545	4,569408	5,268415	5,747871	6,655222	6,629163	
0,743321	0,743321	3,585240	3,590752	4,540545	4,569408	5,268415	5,747871	6,629163	6,655222	
2,346285	2,346285	3,323533	3,880446	4,500298	4,444386	5,456193	5,792586	7,978997	9,705443	
2,346285	2,346285	3,323533	3,880446	4,444386	4,500298	5,456193	5,792586	7,978997	9,705443	
2,346285	2,863156	3,636565	4,234947	4,234947	3,899733	6,221522	7,096634	9,548601	11,660817	
2,346285	2,863156	3,636565	3,899733	4,234947	4,234947	6,221522	7,096634	9,548601	11,660817	
3,124229	3,556285	3,554855	3,554855	4,243763	4,318971	3,687207	8,537009	11,270988	12,643038	
3,124229	3,554855	3,554855	3,556285	3,687207	4,243763	4,318971	8,537009	11,270988	12,643038	
3,331557	3,358109	3,474852	3,841863	5,095347	6,271379	6,406098	8,410660	8,744452	8,677401	
3,331557	3,358109	3,474852	3,841863	5,095347	6,271379	6,406098	8,410660	8,677401	8,744452	
2,891720	2,984891	2,984891	3,936178	4,142884	3,928006	3,671709	5,517398	6,094368	5,986949	
2,891720	2,984891	2,984891	3,671709	3,928006	3,936178	4,142884	5,517398	5,986949	6,094368	
2,937962	3,740974	3,287018	3,238905	4,462443	4,533603	4,157032	5,661115	8,087779	8,378942	
2,937962	3,238905	3,287018	3,740974	4,157032	4,462443	4,533603	5,661115	8,087779	8,378942	
2,216290	3,016400	3,105624	3,324692	4,436421	5,576166	7,722890	8,632549	7,918869	7,602194	
2,216290	3,016400	3,105624	3,324692	4,436421	5,576166	7,602194	7,722890	7,918869	8,632549	
2,067704	2,067704	2,578837	3,201841	3,350858	3,949694	4,848420	4,983193	7,179303	9,737986	
2,067704	2,067704	2,578837	3,201841	3,350858	3,949694	4,848420	4,983193	7,179303	9,737986	
2,067704	2,327211	2,924556	3,275558	4,466139	4,413548	6,626836	10,405801	11,693559	10,290774	
2,067704	2,327211	2,924556	3,275558	4,413548	4,466139	6,626836	10,290774	10,405801	11,693559	
0,575154	2,197210	3,708321	4,789915	7,218925	6,722189	7,561313	8,618311	9,861194	9,933011	
0,575154	2,197210	3,708321	4,789915	6,722189	7,218925	7,561313	8,618311	9,861194	9,933011	
3,824806	3,410237	3,897130	5,491933	6,150393	5,453773	6,914233	7,808452	9,848513	11,036205	
3,410237	3,824806	3,897130	5,453773	5,491933	6,150393	6,914233	7,808452	9,848513	11,036205	
4,418364	3,541939	6,092926	6,169447	6,298584	6,498832	5,674191	6,216716	8,469474	11,508003	
3,541939	4,418364	5,674191	6,092926	6,169447	6,216716	6,298584	6,498832	8,469474	11,508003	
4,067061	4,067061	4,067061	4,906757	6,201844	5,933081	6,584901	7,095604	8,354015	10,880380	
4,067061	4,067061	4,067061	4,906757	5,933081	6,201844	6,584901	7,095604	8,354015	10,880380	
4,067061	4,067061	4,527505	4,646929	3,793255	4,855851	5,061072	5,087981	5,087981	10,237979	
3,793255	4,067061	4,067061	4,527505	4,646929	4,855851	5,061072	5,087981	5,087981	10,237979	
4,589835	4,391880	4,391880	4,394158	4,502142	4,613121	4,640092	4,813709	4,796927	6,427454	
4,391880	4,391880	4,394158	4,502142	4,589835	4,613121	4,640092	4,796927	4,813709	6,427454	
2,168527	4,521844	4,391880	4,392301	4,554968	4,554428	4,554428	4,928323	6,666849	8,549821	
2,168527	4,391880	4,392301	4,521844	4,554428	4,554428	4,554968	4,928323	6,666849	8,549821	
4,463940	4,463940	4,391921	4,391921	6,024057	5,967849	6,121242	9,840405	11,447940	11,949803	
4,391921	4,391921	4,463940	4,463940	5,967849	6,024057	6,121242	9,840405	11,447940	11,949803	
4,429835	4,391921	3,067630	5,461313	5,573502	5,611928	8,380756	7,988626	9,388422	9,576580	
3,067630	4,391921	4,429835	5,461313	5,573502	5,611928	7,988626	8,380756	9,388422	9,576580	
4,423541	4,540938	4,552151	4,552151	4,561106	4,561106	4,962406	6,662857	9,284459	11,947194	
4,423541	4,540938	4,552151	4,552151	4,561106	4,561106	4,962406	6,662857	9,284459	11,947194	
3,797508	3,773355	4,525894	4,546823	4,552151	4,552151	4,556915	6,558941	7,832767	10,389952	
3,773355	3,797508	4,525894	4,546823	4,552151	4,552151	4,556915	6,558941	7,832767	10,389952	
3,116218	3,743544	3,866711	3,877049	3,785542	3,785542	6,209291	5,662244	6,085032	7,553231	
3,116218	3,743544	3,785542	3,785542	3,866711	3,877049	5,662244	6,085032	6,209291	7,553231	
1,357987	1,357987	3,805799	3,216218	3,760512	5,199193	5,473515	6,089232	9,536004	11,736140	
1,357987	1,357987	3,216218	3,760512	3,805799	5,199193	5,473515	6,089232	9,536004	11,736140	
1,357987	3,181144	3,416933	4,441852	3,802155	4,047406	5,933051	8,001949	10,564104	11,101260	
1,357987	3,181144	3,416933	3,802155	4,047406	4,441852	5,933051	8,001949	10,564104	11,101260	
3,710118	2,900330	5,149279	5,712257	7,764191	8,185717	8,024758	7,203470	7,343973	8,925347	
2,900330	3,710118	5,149279	5,712257	7,203470	7,343973	7,764191	8,024758	8,185717	8,925347	
4,257404	4,506842	2,596659	2,596659	5,501624	6,177586	6,008877	7,719075	7,468330	10,481580	
2,596659	2,596659	4,257404	4,506842	5,501624	6,008877	6,177586	7,468330	7,719075	10,481580	
2,475561	2,475561	2,475561	3,390711	3,184387	4,408514	4,564478	5,789530	5,578880	7,557670	
2,475561	2,475561	2,475561	3,184387	3,390711	4,408514	4,564478	5,578880	5,789530	7,557670	
2,475561	2,475561	2,475561	3,163688	3,163688	3,322343	3,789182	4,399383	6,868220	11,890361	
2,475561	2,475561	2,475561	3,163688	3,163688	3,322343	3,789182	4,399383	6,868220	11,890361	
2,475561	2,475561	3,253530	3,517294	3,736010	3,736010	6,401501	8,300920	7,524421	11,217456	
2,475561	2,475561	3,253530	3,517294	3,736010	3,736010	6,401501	7,524421	8,300920	11,217456	
2,475561	2,475561	2,583127	2,583127	2,667214	4,388210	5,137193	7,912606	9,889649	11,367283	
2,475561	2,475561	2,583127	2,583127	2,667214	4,388210	5,137193	7,912606	9,889649	11,367283	
1,735877	1,826202	2,475561	2,583127	4,295386	4,295386	3,905628	4,547767	5,862758	5,991277	
1,735877	1,826202	2,475561	2,583127	3,905628	4,295386	4,295386	4,547767	5,862758	5,991277	
0,710822	1,105768	1,937907	2,216918	3,450866	3,661141	5,283052	6,211926	8,926299	10,358885	
0,710822	1,105768	1,937907	2,216918	3,450866	3,661141	5,283052	6,211926	8,926299	10,358885	
0,899817	0,989055	1,191563	2,984107	3,298968	3,007534	4,664441	5,775621	4,981462	7,798577	
0,899817	0,989055	1,191563	2,984107	3,007534	3,298968	4,664441	4,981462	5,775621	7,798577	
3,363985	3,962756	2,639550	3,794664	5,404488	3,891169	5,735420	5,934891	10,729167	11,823727	
2,639550	3,363985	3,794664	3,891169	3,962756	5,404488	5,735420	5,934891	10,729167	11,823727	
3,248737	3,412776	3,880209	3,266999	4,389050	5,578362	7,756517	8,037093	10,295346	10,882973	
3,248737	3,266999	3,412776	3,880209	4,389050	5,578362	7,756517	8,037093	10,295346	10,882973	
1,067844	1,598974	3,670247	3,657961	3,236487	5,655650	5,003282	7,491847	7,976346	7,428970	
1,067844	1,598974	3,236487	3,657961	3,670247	5,003282	5,655650	7,428970	7,491847	7,976346	
4,296679	3,664526	3,055950	4,794381	4,517160	5,709074	8,174267	7,750449	9,345537	10,599704	
3,055950	3,664526	4,296679	4,517160	4,794381	5,709074	7,750449	8,174267	9,345537	10,599704	
1,702925	3,622363	3,366144	3,374092	3,374092	3,367890	4,077338	5,924856	7,008183	8,249506	
1,702925	3,366144	3,367890	3,374092	3,374092	3,622363	4,077338	5,924856	7,008183	8,249506	
1,046269	1,049158	2,193552	3,299655	3,374092	3,252323	3,418572	4,571379	5,354679	8,238502	
1,046269	1,049158	2,193552	3,252323	3,299655	3,374092	3,418572	4,571379	5,354679	8,238502	
1,046716	1,046716	2,191972	2,224307	3,216133	3,382143	3,377723	2,881664	4,557193	7,794790	
1,046716	1,046716	2,191972	2,224307	2,881664	3,216133	3,377723	3,382143	4,557193	7,794790	
0,682639	1,168383	1,581387	1,581387	2,194534	2,199455	2,577770	2,512898	3,104182	5,611146	
0,682639	1,168383	1,581387	1,581387	2,194534	2,199455	2,512898	2,577770	3,104182	5,611146	
0,897760	1,138234	1,277485	1,435465	1,773953	1,773953	2,875913	7,091731	9,879510	11,012334	
0,897760	1,138234	1,277485	1,435465	1,773953	1,773953	2,875913	7,091731	9,879510	11,012334	
1,160424	1,206723	2,877002	3,230322	3,439528	5,677778	7,768641	9,660143	10,300311	12,004221	
