4,435285	4,833202	6,651368	7,352442	8,120214	8,854300	10,607045	11,844893	11,566930	13,081434	
4,833202	4,833202	5,432018	7,009814	7,352442	4,435285	10,607045	11,081094	11,397020	11,844893	
4,435285	4,833202	4,833202	5,432018	7,009814	7,352442	10,607045	11,081094	11,397020	11,844893	
5,432018	5,487101	6,335647	7,009814	7,352442	4,435285	10,607045	10,607045	11,844893	11,844893	
4,435285	5,432018	5,487101	6,335647	7,009814	7,352442	10,607045	10,607045	11,844893	11,844893	
3,529658	5,432018	5,432018	5,487101	7,009814	7,352442	4,435285	10,607045	11,844893	13,083557	
3,529658	4,435285	5,432018	5,432018	5,487101	7,009814	7,352442	10,607045	11,844893	13,083557	
3,529658	4,435285	4,435285	5,432018	5,487101	6,335647	3,529658	7,009814	11,322924	13,083557	
3,529658	3,529658	4,435285	4,435285	5,432018	5,487101	6,335647	7,009814	11,322924	13,083557	
3,529658	3,529658	4,435285	4,435285	5,432018	3,529658	9,368297	10,042881	11,652465	13,083557	
3,529658	3,529658	3,529658	4,435285	4,435285	5,432018	9,368297	10,042881	11,652465	13,083557	
3,529658	3,529658	3,529658	3,529658	4,435285	3,529658	9,818892	9,378322	11,127445	13,083557	
3,529658	3,529658	3,529658	3,529658	3,529658	4,435285	9,378322	9,818892	11,127445	13,083557	
3,529658	3,529658	3,529658	3,529658	3,529658	3,529658	4,435285	3,529658	9,378322	11,127445	
3,529658	3,529658	3,529658	3,529658	3,529658	3,529658	3,529658	4,435285	9,378322	11,127445	
2,899088	3,529658	3,529658	3,529658	3,529658	3,529658	3,529658	3,529658	3,529658	9,378322	
2,899088	3,529658	3,529658	3,529658	3,529658	3,529658	3,529658	3,529658	3,529658	9,378322	
2,899088	3,529658	3,529658	3,529658	3,529658	3,529658	3,529658	2,899088	7,216505	9,378322	
2,899088	2,899088	3,529658	3,529658	3,529658	3,529658	3,529658	3,529658	7,216505	9,378322	
2,899088	2,899088	2,899088	2,899088	3,529658	3,529658	3,529658	3,529658	2,899088	8,082795	
2,899088	2,899088	2,899088	2,899088	2,899088	3,529658	3,529658	3,529658	3,529658	8,082795	
2,899088	2,899088	2,899088	2,899088	2,899088	2,899088	3,529658	2,899088	8,082795	7,703686	
2,899088	2,899088	2,899088	2,899088	2,899088	2,899088	2,899088	3,529658	7,703686	8,082795	
2,899088	2,899088	2,899088	2,899088	2,899088	2,899088	3,529658	3,529658	2,899088	8,082795	
2,899088	2,899088	2,899088	2,899088	2,899088	2,899088	2,899088	3,529658	3,529658	8,082795	
2,899088	2,899088	2,899088	2,899088	2,899088	2,899088	2,899088	2,899088	3,529658	2,899088	
2,899088	2,899088	2,899088	2,899088	2,899088	2,899088	2,899088	2,899088	2,899088	3,529658	
2,899088	2,899088	2,899088	2,899088	2,899088	2,899088	2,899088	3,529658	5,371295	2,899088	
2,899088	2,899088	2,899088	2,899088	2,899088	2,899088	2,899088	2,899088	3,529658	5,371295	
2,899088	2,899088	2,899088	2,899088	2,899088	2,899088	2,899088	5,371295	2,899088	7,802361	
2,899088	2,899088	2,899088	2,899088	2,899088	2,899088	2,899088	2,899088	5,371295	7,802361	
2,899088	2,899088	2,899088	2,899088	2,899088	2,899088	2,899088	7,802361	7,802361	7,602117	
2,899088	2,899088	2,899088	2,899088	2,899088	2,899088	2,899088	7,602117	7,802361	7,802361	
2,899088	2,899088	2,899088	2,899088	2,899088	2,899088	2,899088	6,168942	7,802361	7,602117	
2,899088	2,899088	2,899088	2,899088	2,899088	2,899088	2,899088	6,168942	7,602117	7,802361	
2,899088	2,899088	2,899088	2,899088	2,899088	2,899088	2,899088	2,899088	2,899088	11,123386	
2,899088	2,899088	2,899088	2,899088	2,899088	2,899088	2,899088	2,899088	2,899088	11,123386	
2,899088	2,899088	2,899088	2,899088	2,899088	2,899088	2,899088	2,899088	8,239292	11,123386	
2,899088	2,899088	2,899088	2,899088	2,899088	2,899088	2,899088	2,899088	8,239292	11,123386	
2,899088	2,899088	2,899088	2,899088	2,899088	2,899088	2,899088	2,899088	2,899088	11,123386	
2,899088	2,899088	2,899088	2,899088	2,899088	2,899088	2,899088	2,899088	2,899088	11,123386	
2,899088	2,899088	2,899088	2,899088	2,899088	2,899088	2,899088	2,899088	2,899088	2,899088	
2,899088	2,899088	2,899088	2,899088	2,899088	2,899088	2,899088	2,899088	2,899088	2,899088	
2,899088	2,899088	2,899088	2,899088	2,899088	2,899088	2,899088	2,899088	2,899088	8,548790	
2,899088	2,899088	2,899088	2,899088	2,899088	2,899088	2,899088	2,899088	2,899088	8,548790	
2,899088	2,899088	2,899088	2,899088	2,899088	2,899088	2,899088	2,782824	2,899088	10,275053	
2,782824	2,899088	2,899088	2,899088	2,899088	2,899088	2,899088	2,899088	2,899088	10,275053	
2,899088	2,899088	2,899088	2,899088	2,899088	2,899088	2,899088	2,899088	2,782824	2,782824	
2,782824	2,782824	2,899088	2,899088	2,899088	2,899088	2,899088	2,899088	2,899088	2,899088	
2,899088	2,899088	2,899088	2,899088	2,899088	2,899088	2,899088	2,899088	2,782824	2,782824	
2,782824	2,782824	2,899088	2,899088	2,899088	2,899088	2,899088	2,899088	2,899088	2,899088	
2,899088	2,899088	2,899088	2,899088	2,899088	2,899088	2,782824	2,782824	2,782824	2,782824	
2,782824	2,782824	2,782824	2,782824	2,899088	2,899088	2,899088	2,899088	2,899088	2,899088	
2,899088	2,899088	2,899088	2,899088	2,899088	2,782824	2,782824	2,782824	2,782824	2,782824	
2,782824	2,782824	2,782824	2,782824	2,782824	2,899088	2,899088	2,899088	2,899088	2,899088	
3,306556	2,899088	2,782824	2,782824	2,782824	2,782824	2,782824	2,782824	2,782824	2,782824	
2,782824	2,782824	2,782824	2,782824	2,782824	2,782824	2,782824	2,782824	2,899088	3,306556	
2,782824	2,782824	2,782824	2,782824	2,782824	2,782824	2,782824	2,782824	2,782824	2,782824	
2,782824	2,782824	2,782824	2,782824	2,782824	2,782824	2,782824	2,782824	2,782824	2,782824	
2,782824	2,782824	2,782824	2,782824	2,782824	2,782824	2,782824	2,782824	2,782824	2,782824	
2,782824	2,782824	2,782824	2,782824	2,782824	2,782824	2,782824	2,782824	2,782824	2,782824	
2,782824	2,782824	2,782824	2,782824	2,782824	2,782824	2,782824	2,782824	2,782824	2,782824	
2,782824	2,782824	2,782824	2,782824	2,782824	2,782824	2,782824	2,782824	2,782824	2,782824	
2,782824	2,782824	2,782824	2,782824	2,782824	2,782824	2,782824	2,782824	2,782824	2,782824	
2,782824	2,782824	2,782824	2,782824	2,782824	2,782824	2,782824	2,782824	2,782824	2,782824	
2,782824	2,782824	2,782824	2,782824	2,782824	2,782824	2,782824	2,782824	2,782824	2,782824	
2,782824	2,782824	2,782824	2,782824	2,782824	2,782824	2,782824	2,782824	2,782824	2,782824	
2,782824	2,782824	2,782824	2,782824	2,782824	2,782824	2,782824	2,782824	2,782824	2,782824	
2,782824	2,782824	2,782824	2,782824	2,782824	2,782824	2,782824	2,782824	2,782824	2,782824	
2,782824	2,782824	2,782824	2,782824	2,782824	2,782824	2,782824	2,782824	2,782824	2,782824	
2,782824	2,782824	2,782824	2,782824	2,782824	2,782824	2,782824	2,782824	2,782824	2,782824	
2,782824	2,782824	2,782824	2,782824	2,782824	2,782824	2,782824	2,782824	2,782824	2,782824	
2,782824	2,782824	2,782824	2,782824	2,782824	2,782824	2,782824	2,782824	2,782824	2,782824	
2,782824	2,782824	2,782824	2,782824	2,782824	2,782824	2,782824	2,782824	2,782824	2,782824	
2,782824	2,782824	2,782824	2,782824	2,782824	2,782824	2,782824	2,782824	2,782824	2,782824	
2,782824	2,782824	2,782824	2,782824	2,782824	2,782824	2,782824	2,782824	2,782824	7,105639	
2,782824	2,782824	2,782824	2,782824	2,782824	2,782824	2,782824	2,782824	2,782824	7,105639	
2,782824	2,782824	2,782824	2,782824	2,782824	2,782824	2,782824	2,782824	2,782824	7,105639	
2,782824	2,782824	2,782824	2,782824	2,782824	2,782824	2,782824	2,782824	2,782824	7,105639	
2,782824	2,782824	2,782824	2,782824	2,782824	2,782824	2,782824	7,105639	7,105639	7,448305	
2,782824	2,782824	2,782824	2,782824	2,782824	2,782824	2,782824	7,105639	7,105639	7,448305	
2,782824	2,782824	2,782824	2,782824	2,782824	2,782824	2,782824	7,256027	7,105639	7,105639	
2,782824	2,782824	2,782824	2,782824	2,782824	2,782824	2,782824	7,105639	7,105639	7,256027	
2,782824	2,782824	2,782824	2,782824	2,782824	2,782824	2,782824	2,782824	2,782824	7,256027	
2,782824	2,782824	2,782824	2,782824	2,782824	2,782824	2,782824	2,782824	2,782824	7,256027	
3,219164	2,782824	2,782824	2,782824	2,782824	2,782824	2,782824	2,782824	2,782824	7,256027	
2,782824	2,782824	2,782824	2,782824	2,782824	2,782824	2,782824	2,782824	3,219164	7,256027	
2,782824	2,782824	2,782824	2,782824	2,782824	2,782824	2,782824	2,782824	5,674602	2,782824	
2,782824	2,782824	2,782824	2,782824	2,782824	2,782824	2,782824	2,782824	2,782824	5,674602	
2,782824	2,782824	2,782824	2,782824	2,782824	2,782824	2,782824	2,782824	5,674602	2,782824	
2,782824	2,782824	2,782824	2,782824	2,782824	2,782824	2,782824	2,782824	2,782824	5,674602	
2,851787	2,782824	2,782824	2,782824	2,782824	2,782824	2,782824	2,782824	2,782824	2,782824	
2,782824	2,782824	2,782824	2,782824	2,782824	2,782824	2,782824	2,782824	2,782824	2,851787	
2,851787	2,782824	2,782824	2,782824	2,782824	2,782824	2,782824	2,782824	2,782824	2,782824	
2,782824	2,782824	2,782824	2,782824	2,782824	2,782824	2,782824	2,782824	2,782824	2,851787	
2,782824	2,782824	2,782824	2,782824	2,782824	2,782824	2,782824	2,782824	2,782824	2,782824	
2,782824	2,782824	2,782824	2,782824	2,782824	2,782824	2,782824	2,782824	2,782824	2,782824	
2,782824	2,782824	2,782824	2,782824	2,782824	2,782824	2,782824	2,782824	2,782824	2,782824	
2,782824	2,782824	2,782824	2,782824	2,782824	2,782824	2,782824	2,782824	2,782824	2,782824	
2,782824	2,782824	2,782824	2,782824	2,782824	2,782824	2,782824	2,782824	2,782824	10,804208	
2,782824	2,782824	2,782824	2,782824	2,782824	2,782824	2,782824	2,782824	2,782824	10,804208	
2,782824	2,782824	2,782824	2,782824	2,782824	2,782824	2,782824	2,782824	9,456686	10,296402	
2,782824	2,782824	2,782824	2,782824	2,782824	2,782824	2,782824	2,782824	9,456686	10,296402	
2,782824	2,782824	2,782824	2,782824	2,782824	2,782824	2,782824	2,782824	7,374293	10,296402	
2,782824	2,782824	2,782824	2,782824	2,782824	2,782824	2,782824	2,782824	7,374293	10,296402	
2,782824	2,782824	2,782824	2,782824	2,782824	2,782824	2,782824	2,782824	4,077941	2,782824	
2,782824	2,782824	2,782824	2,782824	2,782824	2,782824	2,782824	2,782824	2,782824	4,077941	
2,782824	2,782824	2,782824	2,782824	2,782824	2,782824	2,782824	2,782824	4,077941	2,782824	
2,782824	2,782824	2,782824	2,782824	2,782824	2,782824	2,782824	2,782824	2,782824	4,077941	
2,782824	2,782824	2,782824	2,782824	2,782824	4,077941	4,077941	4,077941	2,782824	6,559936	
2,782824	2,782824	2,782824	2,782824	2,782824	2,782824	4,077941	4,077941	4,077941	6,559936	
2,782824	2,782824	2,782824	2,782824	2,782824	2,782824	2,782824	2,782824	2,782824	7,034199	
2,782824	2,782824	2,782824	2,782824	2,782824	2,782824	2,782824	2,782824	2,782824	7,034199	
2,782824	2,782824	2,782824	2,782824	2,782824	2,782824	2,782824	2,782824	2,782824	2,782824	
2,782824	2,782824	2,782824	2,782824	2,782824	2,782824	2,782824	2,782824	2,782824	2,782824	
2,782824	2,782824	2,782824	2,782824	2,782824	2,782824	2,782824	2,782824	2,782824	9,845271	
2,782824	2,782824	2,782824	2,782824	2,782824	2,782824	2,782824	2,782824	2,782824	9,845271	
2,782824	2,782824	2,782824	2,782824	2,782824	2,782824	2,782824	2,782824	2,782824	2,782824	
2,782824	2,782824	2,782824	2,782824	2,782824	2,782824	2,782824	2,782824	2,782824	2,782824	
2,782824	2,782824	2,782824	2,782824	2,782824	2,782824	2,782824	2,782824	2,782824	2,782824	
2,782824	2,782824	2,782824	2,782824	2,782824	2,782824	2,782824	2,782824	2,782824	2,782824	
2,782824	2,782824	2,782824	2,782824	2,782824	2,782824	2,782824	2,782824	2,782824	2,782824	
2,782824	2,782824	2,782824	2,782824	2,782824	2,782824	2,782824	2,782824	2,782824	2,782824	
2,782824	2,782824	2,782824	2,782824	2,782824	2,782824	2,782824	2,782824	2,782824	2,782824	
2,782824	2,782824	2,782824	2,782824	2,782824	2,782824	2,782824	2,782824	2,782824	2,782824	
2,782824	2,782824	2,782824	2,782824	2,782824	2,782824	2,782824	2,782824	2,782824	9,083545	
2,782824	2,782824	2,782824	2,782824	2,782824	2,782824	2,782824	2,782824	2,782824	9,083545	
2,782824	2,782824	2,782824	2,782824	2,782824	2,782824	2,782824	2,782824	4,511166	2,782824	
2,782824	2,782824	2,782824	2,782824	2,782824	2,782824	2,782824	2,782824	2,782824	4,511166	
2,782824	2,782824	2,782824	2,782824	2,782824	2,782824	2,782824	4,511166	2,782824	6,007110	
2,782824	2,782824	2,782824	2,782824	2,782824	2,782824	2,782824	2,782824	4,511166	6,007110	
2,782824	2,782824	2,782824	2,782824	2,782824	2,782824	2,782824	2,782824	2,782824	6,007110	
2,782824	2,782824	2,782824	2,782824	2,782824	2,782824	2,782824	2,782824	2,782824	6,007110	
2,782824	2,782824	2,782824	2,782824	2,782824	2,782824	2,782824	2,782824	6,290523	6,007110	
2,782824	2,782824	2,782824	2,782824	2,782824	2,782824	2,782824	2,782824	6,007110	6,290523	
2,782824	2,782824	2,782824	2,782824	2,782824	2,782824	2,782824	2,782824	2,782824	9,479802	
2,782824	2,782824	2,782824	2,782824	2,782824	2,782824	2,782824	2,782824	2,782824	9,479802	
2,782824	2,782824	2,782824	2,782824	2,782824	2,782824	2,782824	2,782824	9,479802	11,475111	
2,782824	2,782824	2,782824	2,782824	2,782824	2,782824	2,782824	2,782824	9,479802	11,475111	
2,782824	2,782824	2,782824	2,782824	2,782824	2,782824	2,782824	2,782824	2,782824	8,175668	
2,782824	2,782824	2,782824	2,782824	2,782824	2,782824	2,782824	2,782824	2,782824	8,175668	
2,996049	2,782824	2,782824	2,782824	2,782824	2,782824	2,782824	2,782824	8,175668	8,175668	
2,782824	2,782824	2,782824	2,782824	2,782824	2,782824	2,782824	2,996049	8,175668	8,175668	
2,996049	2,782824	2,782824	2,782824	2,782824	2,782824	2,782824	2,782824	2,782824	9,340194	
2,782824	2,782824	2,782824	2,782824	2,782824	2,782824	2,782824	2,782824	2,996049	9,340194	
2,782824	2,782824	2,782824	2,782824	2,782824	2,782824	2,782824	2,782824	2,782824	9,340194	
2,782824	2,782824	2,782824	2,782824	2,782824	2,782824	2,782824	2,782824	2,782824	9,340194	
2,782824	2,782824	2,782824	2,782824	2,782824	2,782824	2,782824	2,782824	2,782824	6,774108	
2,782824	2,782824	2,782824	2,782824	2,782824	2,782824	2,782824	2,782824	2,782824	6,774108	
2,782824	2,782824	2,782824	2,782824	2,782824	2,782824	2,782824	2,782824	2,782824	2,782824	
2,782824	2,782824	2,782824	2,782824	2,782824	2,782824	2,782824	2,782824	2,782824	2,782824	
3,218187	2,782824	2,782824	2,782824	2,782824	2,782824	2,782824	2,782824	2,782824	2,782824	
2,782824	2,782824	2,782824	2,782824	2,782824	2,782824	2,782824	2,782824	2,782824	3,218187	
2,782824	2,782824	2,782824	2,782824	2,782824	2,782824	2,782824	2,782824	4,227087	2,782824	
2,782824	2,782824	2,782824	2,782824	2,782824	2,782824	2,782824	2,782824	2,782824	4,227087	
2,782824	2,782824	2,782824	2,782824	2,782824	2,782824	2,782824	2,782824	2,782824	2,782824	
2,782824	2,782824	2,782824	2,782824	2,782824	2,782824	2,782824	2,782824	2,782824	2,782824	
2,782824	2,782824	2,782824	2,782824	2,782824	2,782824	2,782824	2,782824	7,510096	9,650122	
2,782824	2,782824	2,782824	2,782824	2,782824	2,782824	2,782824	2,782824	7,510096	9,650122	
2,782824	2,782824	2,782824	2,782824	2,782824	3,110798	2,782824	9,650122	9,650122	9,650122	
2,782824	2,782824	2,782824	2,782824	2,782824	2,782824	3,110798	9,650122	9,650122	9,650122	
2,782824	2,782824	2,782824	2,782824	2,782824	3,110798	3,110798	2,782824	9,650122	13,258366	
2,782824	2,782824	2,782824	2,782824	2,782824	2,782824	3,110798	3,110798	9,650122	13,258366	
2,782824	2,782824	2,782824	2,782824	2,782824	2,782824	2,782824	3,110798	3,110798	2,782824	
2,782824	2,782824	2,782824	2,782824	2,782824	2,782824	2,782824	2,782824	3,110798	3,110798	
2,782824	2,782824	2,782824	2,782824	2,782824	2,782824	2,782824	2,782824	3,110798	2,782824	
2,782824	2,782824	2,782824	2,782824	2,782824	2,782824	2,782824	2,782824	2,782824	3,110798	
2,782824	2,782824	2,782824	2,782824	2,782824	2,782824	2,782824	3,110798	3,110798	2,782824	
2,782824	2,782824	2,782824	2,782824	2,782824	2,782824	2,782824	2,782824	3,110798	3,110798	
2,782824	2,782824	2,782824	2,782824	2,782824	2,782824	2,782824	3,110798	2,782824	10,679067	
2,782824	2,782824	2,782824	2,782824	2,782824	2,782824	2,782824	2,782824	3,110798	10,679067	
2,782824	2,782824	2,782824	2,782824	2,782824	2,782824	2,782824	2,782824	2,782824	2,782824	
2,782824	2,782824	2,782824	2,782824	2,782824	2,782824	2,782824	2,782824	2,782824	2,782824	
2,782824	2,782824	2,782824	2,782824	2,782824	2,782824	2,782824	2,782824	2,782824	2,782824	
2,782824	2,782824	2,782824	2,782824	2,782824	2,782824	2,782824	2,782824	2,782824	2,782824	
2,782824	2,782824	2,782824	2,782824	2,782824	2,782824	2,782824	2,782824	2,782824	2,782824	
2,782824	2,782824	2,782824	2,782824	2,782824	2,782824	2,782824	2,782824	2,782824	2,782824	
2,782824	2,782824	2,782824	2,782824	2,782824	2,782824	2,782824	2,782824	2,782824	2,782824	
2,782824	2,782824	2,782824	2,782824	2,782824	2,782824	2,782824	2,782824	2,782824	2,782824	
2,782824	2,782824	2,782824	2,782824	2,782824	2,782824	2,782824	2,782824	2,782824	9,514127	
2,782824	2,782824	2,782824	2,782824	2,782824	2,782824	2,782824	2,782824	2,782824	9,514127	
2,782824	2,782824	2,782824	2,782824	2,782824	2,782824	2,782824	2,782824	2,782824	2,782824	
2,782824	2,782824	2,782824	2,782824	2,782824	2,782824	2,782824	2,782824	2,782824	2,782824	
2,782824	2,782824	2,782824	2,782824	2,782824	2,782824	2,782824	2,782824	2,782824	2,782824	
2,782824	2,782824	2,782824	2,782824	2,782824	2,782824	2,782824	2,782824	2,782824	2,782824	
2,782824	2,782824	2,782824	2,782824	2,782824	2,782824	2,782824	2,782824	2,782824	2,782824	
2,782824	2,782824	2,782824	2,782824	2,782824	2,782824	2,782824	2,782824	2,782824	2,782824	
2,782824	2,782824	2,782824	2,782824	2,782824	2,782824	2,782824	2,782824	2,782824	2,782824	
2,782824	2,782824	2,782824	2,782824	2,782824	2,782824	2,782824	2,782824	2,782824	2,782824	
2,782824	2,782824	2,782824	2,782824	2,782824	2,782824	2,782824	2,782824	5,954236	9,488470	
2,782824	2,782824	2,782824	2,782824	2,782824	2,782824	2,782824	2,782824	5,954236	9,488470	
2,782824	2,782824	2,782824	2,782824	2,782824	2,782824	2,782824	2,782824	2,782824	2,782824	
2,782824	2,782824	2,782824	2,782824	2,782824	2,782824	2,782824	2,782824	2,782824	2,782824	
1,968824	2,782824	2,782824	2,782824	2,782824	2,782824	2,782824	5,632218	2,782824	8,175853	
1,968824	2,782824	2,782824	2,782824	2,782824	2,782824	2,782824	2,782824	5,632218	8,175853	
1,968824	1,968824	2,782824	2,782824	2,782824	2,782824	2,782824	2,782824	2,782824	1,968824	
1,968824	1,968824	1,968824	2,782824	2,782824	2,782824	2,782824	2,782824	2,782824	2,782824	
1,968824	1,968824	2,782824	2,782824	2,782824	2,782824	2,782824	2,782824	2,782824	1,968824	
1,968824	1,968824	1,968824	2,782824	2,782824	2,782824	2,782824	2,782824	2,782824	2,782824	
1,968824	1,968824	1,968824	1,968824	1,968824	2,782824	2,782824	2,782824	1,968824	5,036736	
1,968824	1,968824	1,968824	1,968824	1,968824	1,968824	2,782824	2,782824	2,782824	5,036736	
1,968824	1,968824	1,968824	1,968824	1,968824	1,968824	2,782824	2,782824	2,836109	1,968824	
1,968824	1,968824	1,968824	1,968824	1,968824	1,968824	1,968824	2,782824	2,782824	2,836109	
1,968824	1,968824	1,968824	1,968824	1,968824	1,968824	2,782824	2,782824	1,968824	6,074321	
1,968824	1,968824	1,968824	1,968824	1,968824	1,968824	1,968824	2,782824	2,782824	6,074321	
1,968824	1,968824	1,968824	1,968824	1,968824	2,782824	1,968824	6,378005	11,654565	11,655319	
1,968824	1,968824	1,968824	1,968824	1,968824	1,968824	2,782824	6,378005	11,654565	11,655319	
1,968824	1,968824	1,968824	1,968824	1,968824	1,968824	1,968824	1,968824	9,129723	8,753242	
1,968824	1,968824	1,968824	1,968824	1,968824	1,968824	1,968824	1,968824	8,753242	9,129723	
1,968824	1,968824	1,968824	1,968824	1,968824	1,968824	1,968824	1,968824	1,968824	5,702765	
1,968824	1,968824	1,968824	1,968824	1,968824	1,968824	1,968824	1,968824	1,968824	5,702765	
1,968824	1,968824	1,968824	1,968824	1,968824	1,968824	1,968824	1,968824	1,968824	1,968824	
1,968824	1,968824	1,968824	1,968824	1,968824	1,968824	1,968824	1,968824	1,968824	1,968824	
1,968824	1,968824	1,968824	1,968824	1,968824	1,968824	1,968824	1,968824	1,968824	1,968824	
1,968824	1,968824	1,968824	1,968824	1,968824	1,968824	1,968824	1,968824	1,968824	1,968824	
1,968824	1,968824	1,968824	1,968824	1,968824	1,968824	1,968824	1,968824	1,968824	1,968824	
1,968824	1,968824	1,968824	1,968824	1,968824	1,968824	1,968824	1,968824	1,968824	1,968824	
1,968824	1,968824	1,968824	1,968824	1,968824	1,968824	1,968824	1,968824	1,968824	1,968824	
1,968824	1,968824	1,968824	1,968824	1,968824	1,968824	1,968824	1,968824	1,968824	1,968824	
1,968824	1,968824	1,968824	1,968824	1,968824	1,968824	1,968824	1,968824	1,968824	1,968824	
1,968824	1,968824	1,968824	1,968824	1,968824	1,968824	1,968824	1,968824	1,968824	1,968824	
1,968824	1,968824	1,968824	1,968824	1,968824	1,968824	1,968824	1,968824	1,968824	1,968824	
1,968824	1,968824	1,968824	1,968824	1,968824	1,968824	1,968824	1,968824	1,968824	1,968824	
0,898152	1,968824	1,968824	1,968824	1,968824	1,968824	1,968824	1,968824	1,968824	1,968824	
0,898152	1,968824	1,968824	1,968824	1,968824	1,968824	1,968824	1,968824	1,968824	1,968824	
0,898152	1,968824	1,968824	1,968824	1,968824	1,968824	1,968824	2,016447	0,898152	9,900605	
0,898152	0,898152	1,968824	1,968824	1,968824	1,968824	1,968824	1,968824	2,016447	9,900605	
0,898152	0,898152	0,898152	0,898152	1,968824	1,968824	2,016447	0,898152	9,900605	9,651551	
0,898152	0,898152	0,898152	0,898152	0,898152	1,968824	1,968824	2,016447	9,651551	9,900605	
0,898152	0,898152	0,898152	0,898152	0,898152	0,898152	1,968824	1,968824	1,968824	0,898152	
0,898152	0,898152	0,898152	0,898152	0,898152	0,898152	0,898152	1,968824	1,968824	1,968824	
0,898152	0,898152	0,898152	0,898152	0,898152	0,898152	0,898152	0,898152	1,968824	0,898152	
0,898152	0,898152	0,898152	0,898152	0,898152	0,898152	0,898152	0,898152	0,898152	1,968824	
0,898152	0,898152	0,898152	0,898152	0,898152	0,898152	0,898152	0,898152	0,898152	7,639753	
0,898152	0,898152	0,898152	0,898152	0,898152	0,898152	0,898152	0,898152	0,898152	7,639753	
0,898152	0,898152	0,898152	0,898152	0,898152	0,898152	0,898152	0,898152	0,898152	7,421615	
0,898152	0,898152	0,898152	0,898152	0,898152	0,898152	0,898152	0,898152	0,898152	7,421615	
0,898152	0,898152	0,898152	0,898152	0,898152	0,898152	0,898152	0,898152	0,898152	7,421615	
0,898152	0,898152	0,898152	0,898152	0,898152	0,898152	0,898152	0,898152	0,898152	7,421615	
0,898152	0,898152	0,898152	0,898152	0,898152	0,898152	0,898152	0,898152	0,898152	11,217907	
0,898152	0,898152	0,898152	0,898152	0,898152	0,898152	0,898152	0,898152	0,898152	11,217907	
0,898152	0,898152	0,898152	0,898152	0,898152	0,898152	0,898152	0,898152	0,898152	11,217907	
0,898152	0,898152	0,898152	0,898152	0,898152	0,898152	0,898152	0,898152	0,898152	11,217907	
0,898152	0,898152	0,898152	0,898152	0,898152	0,898152	0,898152	0,898152	0,898152	0,898152	
0,898152	0,898152	0,898152	0,898152	0,898152	0,898152	0,898152	0,898152	0,898152	0,898152	
0,898152	0,898152	0,898152	0,898152	0,898152	0,898152	0,898152	0,898152	0,898152	10,651032	
0,898152	0,898152	0,898152	0,898152	0,898152	0,898152	0,898152	0,898152	0,898152	10,651032	
0,898152	0,898152	0,898152	0,898152	0,898152	0,898152	0,898152	0,898152	4,305275	10,651032	
0,898152	0,898152	0,898152	0,898152	0,898152	0,898152	0,898152	0,898152	4,305275	10,651032	
0,898152	0,898152	0,898152	0,898152	0,898152	0,898152	0,898152	0,898152	0,898152	0,898152	
0,898152	0,898152	0,898152	0,898152	0,898152	0,898152	0,898152	0,898152	0,898152	0,898152	
0,898152	0,898152	0,898152	0,898152	0,898152	0,898152	0,898152	0,898152	0,898152	4,095109	
0,898152	0,898152	0,898152	0,898152	0,898152	0,898152	0,898152	0,898152	0,898152	4,095109	
0,898152	0,898152	0,898152	0,898152	0,898152	0,898152	0,898152	4,095109	4,095109	7,023908	
0,898152	0,898152	0,898152	0,898152	0,898152	0,898152	0,898152	4,095109	4,095109	7,023908	
0,898152	0,898152	0,898152	0,898152	0,898152	0,898152	0,898152	0,898152	0,898152	5,816258	
0,898152	0,898152	0,898152	0,898152	0,898152	0,898152	0,898152	0,898152	0,898152	5,816258	
0,898152	0,898152	0,898152	0,898152	0,898152	0,898152	0,898152	0,898152	0,898152	0,898152	
0,898152	0,898152	0,898152	0,898152	0,898152	0,898152	0,898152	0,898152	0,898152	0,898152	
0,898152	0,898152	0,898152	0,898152	0,898152	0,898152	0,898152	0,898152	0,898152	0,898152	
0,898152	0,898152	0,898152	0,898152	0,898152	0,898152	0,898152	0,898152	0,898152	0,898152	
0,898152	0,898152	0,898152	0,898152	0,898152	0,898152	0,898152	0,898152	0,898152	0,898152	
0,898152	0,898152	0,898152	0,898152	0,898152	0,898152	0,898152	0,898152	0,898152	0,898152	
0,898152	0,898152	0,898152	0,898152	0,898152	0,898152	0,898152	0,898152	0,898152	0,898152	
0,898152	0,898152	0,898152	0,898152	0,898152	0,898152	0,898152	0,898152	0,898152	0,898152	
0,898152	0,898152	0,898152	0,898152	0,898152	0,898152	0,898152	3,380223	0,898152	7,651578	
0,898152	0,898152	0,898152	0,898152	0,898152	0,898152	0,898152	0,898152	3,380223	7,651578	
0,898152	0,898152	0,898152	0,898152	0,898152	0,898152	0,898152	0,898152	0,898152	0,898152	
0,898152	0,898152	0,898152	0,898152	0,898152	0,898152	0,898152	0,898152	0,898152	0,898152	
0,898152	0,898152	0,898152	0,898152	0,898152	0,898152	0,898152	0,898152	0,898152	7,869978	
0,898152	0,898152	0,898152	0,898152	0,898152	0,898152	0,898152	0,898152	0,898152	7,869978	
0,898152	0,898152	0,898152	0,898152	0,898152	0,898152	0,898152	0,898152	7,826303	8,394833	
0,898152	0,898152	0,898152	0,898152	0,898152	0,898152	0,898152	0,898152	7,826303	8,394833	
0,898152	0,898152	0,898152	0,898152	0,898152	0,898152	0,898152	0,898152	0,898152	8,394833	
0,898152	0,898152	0,898152	0,898152	0,898152	0,898152	0,898152	0,898152	0,898152	8,394833	
0,898152	0,898152	0,898152	0,898152	0,898152	0,898152	0,898152	0,898152	0,898152	5,078240	
0,898152	0,898152	0,898152	0,898152	0,898152	0,898152	0,898152	0,898152	0,898152	5,078240	
0,898152	0,898152	0,898152	0,898152	0,898152	0,898152	0,898152	0,898152	0,898152	0,898152	
0,898152	0,898152	0,898152	0,898152	0,898152	0,898152	0,898152	0,898152	0,898152	0,898152	
0,898152	0,898152	0,898152	0,898152	0,898152	0,898152	0,898152	0,898152	0,898152	10,510973	
0,898152	0,898152	0,898152	0,898152	0,898152	0,898152	0,898152	0,898152	0,898152	10,510973	
0,898152	0,898152	0,898152	0,898152	0,898152	0,898152	0,898152	0,898152	10,510973	10,510973	
0,898152	0,898152	0,898152	0,898152	0,898152	0,898152	0,898152	0,898152	10,510973	10,510973	
0,898152	0,898152	0,898152	0,898152	0,898152	0,898152	0,898152	11,172665	10,510973	10,510973	
0,898152	0,898152	0,898152	0,898152	0,898152	0,898152	0,898152	10,510973	10,510973	11,172665	
0,898152	0,898152	0,898152	0,898152	0,898152	0,898152	0,898152	0,898152	10,510973	10,510973	
0,898152	0,898152	0,898152	0,898152	0,898152	0,898152	0,898152	0,898152	10,510973	10,510973	
0,898152	0,898152	0,898152	0,898152	0,898152	0,898152	0,898152	0,898152	9,874693	10,510973	
0,898152	0,898152	0,898152	0,898152	0,898152	0,898152	0,898152	0,898152	9,874693	10,510973	
0,898152	0,898152	0,898152	0,898152	0,898152	0,898152	0,898152	0,898152	9,874693	10,510973	
0,898152	0,898152	0,898152	0,898152	0,898152	0,898152	0,898152	0,898152	9,874693	10,510973	
0,898152	0,898152	0,898152	0,898152	0,898152	0,898152	0,898152	0,898152	7,927997	10,378880	
0,898152	0,898152	0,898152	0,898152	0,898152	0,898152	0,898152	0,898152	7,927997	10,378880	
0,898152	0,898152	0,898152	0,898152	0,898152	0,898152	0,898152	0,898152	0,898152	7,927997	
0,898152	0,898152	0,898152	0,898152	0,898152	0,898152	0,898152	0,898152	0,898152	7,927997	
0,898152	0,898152	0,898152	0,898152	0,898152	0,898152	0,898152	7,927997	7,927997	9,609727	
0,898152	0,898152	0,898152	0,898152	0,898152	0,898152	0,898152	7,927997	7,927997	9,609727	
0,898152	0,898152	0,898152	0,898152	0,898152	0,898152	0,898152	0,898152	0,898152	0,898152	
0,898152	0,898152	0,898152	0,898152	0,898152	0,898152	0,898152	0,898152	0,898152	0,898152	
0,898152	0,898152	0,898152	0,898152	0,898152	0,898152	0,898152	0,898152	0,898152	9,139969	
0,898152	0,898152	0,898152	0,898152	0,898152	0,898152	0,898152	0,898152	0,898152	9,139969	
0,898152	0,898152	0,898152	0,898152	0,898152	0,898152	0,898152	0,898152	0,898152	0,898152	
0,898152	0,898152	0,898152	0,898152	0,898152	0,898152	0,898152	0,898152	0,898152	0,898152	
0,898152	0,898152	0,898152	0,898152	0,898152	0,898152	0,898152	0,898152	0,898152	0,898152	
0,898152	0,898152	0,898152	0,898152	0,898152	0,898152	0,898152	0,898152	0,898152	0,898152	
0,898152	0,898152	0,898152	0,898152	0,898152	0,898152	0,898152	0,898152	0,898152	0,898152	
0,898152	0,898152	0,898152	0,898152	0,898152	0,898152	0,898152	0,898152	0,898152	0,898152	
0,898152	0,898152	0,898152	0,898152	0,898152	0,898152	0,898152	0,898152	0,898152	0,898152	
0,898152	0,898152	0,898152	0,898152	0,898152	0,898152	0,898152	0,898152	0,898152	0,898152	
0,898152	0,898152	0,898152	0,898152	0,898152	0,898152	0,898152	0,898152	0,898152	10,656536	
0,898152	0,898152	0,898152	0,898152	0,898152	0,898152	0,898152	0,898152	0,898152	10,656536	
0,898152	0,898152	0,898152	0,898152	0,898152	0,898152	0,898152	5,438702	7,309961	10,656536	
0,898152	0,898152	0,898152	0,898152	0,898152	0,898152	0,898152	5,438702	7,309961	10,656536	
0,898152	0,898152	0,898152	0,898152	0,898152	0,898152	0,898152	0,898152	0,898152	0,898152	
0,898152	0,898152	0,898152	0,898152	0,898152	0,898152	0,898152	0,898152	0,898152	0,898152	
0,898152	0,898152	0,898152	0,898152	0,898152	0,898152	0,898152	0,898152	0,898152	4,919757	
0,898152	0,898152	0,898152	0,898152	0,898152	0,898152	0,898152	0,898152	0,898152	4,919757	
0,898152	0,898152	0,898152	0,898152	0,898152	0,898152	0,898152	0,898152	0,898152	5,457946	
0,898152	0,898152	0,898152	0,898152	0,898152	0,898152	0,898152	0,898152	0,898152	5,457946	
0,898152	0,898152	0,898152	0,898152	0,898152	0,898152	0,898152	0,898152	0,898152	0,898152	
0,898152	0,898152	0,898152	0,898152	0,898152	0,898152	0,898152	0,898152	0,898152	0,898152	
0,898152	0,898152	0,898152	0,898152	0,898152	0,898152	0,898152	0,898152	0,898152	0,898152	
0,898152	0,898152	0,898152	0,898152	0,898152	0,898152	0,898152	0,898152	0,898152	0,898152	
0,898152	0,898152	0,898152	0,898152	0,898152	0,898152	0,898152	0,898152	0,898152	0,898152	
0,898152	0,898152	0,898152	0,898152	0,898152	0,898152	0,898152	0,898152	0,898152	0,898152	
0,898152	0,898152	0,898152	0,898152	0,898152	0,898152	0,898152	0,898152	0,898152	0,898152	
0,898152	0,898152	0,898152	0,898152	0,898152	0,898152	0,898152	0,898152	0,898152	0,898152	
0,898152	0,898152	0,898152	0,898152	0,898152	0,898152	0,898152	0,898152	0,898152	8,889054	
0,898152	0,898152	0,898152	0,898152	0,898152	0,898152	0,898152	0,898152	0,898152	8,889054	
0,898152	0,898152	0,898152	0,898152	0,898152	0,898152	0,898152	0,898152	0,898152	0,898152	
0,898152	0,898152	0,898152	0,898152	0,898152	0,898152	0,898152	0,898152	0,898152	0,898152	
0,898152	0,898152	0,898152	0,898152	0,898152	0,898152	0,898152	3,133947	0,898152	5,349016	
0,898152	0,898152	0,898152	0,898152	0,898152	0,898152	0,898152	0,898152	3,133947	5,349016	
0,898152	0,898152	0,898152	0,898152	0,898152	0,898152	0,898152	5,349016	5,349016	7,428066	
0,898152	0,898152	0,898152	0,898152	0,898152	0,898152	0,898152	5,349016	5,349016	7,428066	
0,898152	0,898152	0,898152	0,898152	0,898152	0,898152	0,898152	0,898152	0,898152	7,428066	
0,898152	0,898152	0,898152	0,898152	0,898152	0,898152	0,898152	0,898152	0,898152	7,428066	
0,898152	0,898152	0,898152	0,898152	0,898152	0,898152	0,898152	0,898152	1,929438	0,898152	
0,898152	0,898152	0,898152	0,898152	0,898152	0,898152	0,898152	0,898152	0,898152	1,929438	
0,898152	0,898152	0,898152	0,898152	0,898152	0,898152	0,898152	0,898152	0,898152	10,525892	
0,898152	0,898152	0,898152	0,898152	0,898152	0,898152	0,898152	0,898152	0,898152	10,525892	
0,898152	0,898152	0,898152	0,898152	0,898152	0,898152	0,898152	0,898152	0,898152	10,525892	
0,898152	0,898152	0,898152	0,898152	0,898152	0,898152	0,898152	0,898152	0,898152	10,525892	
0,898152	0,898152	0,898152	0,898152	0,898152	0,898152	0,898152	0,898152	0,898152	10,525892	
0,898152	0,898152	0,898152	0,898152	0,898152	0,898152	0,898152	0,898152	0,898152	10,525892	
0,898152	0,898152	0,898152	0,898152	0,898152	0,898152	0,898152	0,898152	10,525892	10,497453	
0,898152	0,898152	0,898152	0,898152	0,898152	0,898152	0,898152	0,898152	10,497453	10,525892	
0,898152	0,898152	0,898152	0,898152	0,898152	0,898152	0,898152	0,898152	0,898152	10,525892	
0,898152	0,898152	0,898152	0,898152	0,898152	0,898152	0,898152	0,898152	0,898152	10,525892	
0,898152	0,898152	0,898152	0,898152	0,898152	0,898152	0,898152	0,898152	10,525892	10,525892	
0,898152	0,898152	0,898152	0,898152	0,898152	0,898152	0,898152	0,898152	10,525892	10,525892	
0,898152	0,898152	0,898152	0,898152	0,898152	0,898152	0,898152	0,898152	0,898152	11,264730	
0,898152	0,898152	0,898152	0,898152	0,898152	0,898152	0,898152	0,898152	0,898152	11,264730	
0,898152	0,898152	0,898152	0,898152	0,898152	0,898152	0,898152	0,898152	0,898152	4,368342	
0,898152	0,898152	0,898152	0,898152	0,898152	0,898152	0,898152	0,898152	0,898152	4,368342	
0,898152	0,898152	0,898152	0,898152	0,898152	0,898152	0,898152	0,898152	0,898152	0,898152	
0,898152	0,898152	0,898152	0,898152	0,898152	0,898152	0,898152	0,898152	0,898152	0,898152	
0,898152	0,898152	0,898152	0,898152	0,898152	0,898152	0,898152	0,898152	0,898152	0,898152	
0,898152	0,898152	0,898152	0,898152	0,898152	0,898152	0,898152	0,898152	0,898152	0,898152	
0,898152	0,898152	0,898152	0,898152	0,898152	0,898152	0,898152	0,898152	0,898152	0,898152	
0,898152	0,898152	0,898152	0,898152	0,898152	0,898152	0,898152	0,898152	0,898152	0,898152	
0,898152	0,898152	0,898152	0,898152	0,898152	0,898152	0,898152	0,898152	0,898152	0,898152	
0,898152	0,898152	0,898152	0,898152	0,898152	0,898152	0,898152	0,898152	0,898152	0,898152	
0,898152	0,898152	0,898152	0,898152	0,898152	0,898152	0,898152	0,898152	0,898152	0,898152	
0,898152	0,898152	0,898152	0,898152	0,898152	0,898152	0,898152	0,898152	0,898152	0,898152	
0,898152	0,898152	0,898152	0,898152	0,898152	0,898152	0,898152	0,898152	5,750957	5,685421	
0,898152	0,898152	0,898152	0,898152	0,898152	0,898152	0,898152	0,898152	5,685421	5,750957	
0,898152	0,898152	0,898152	0,898152	0,898152	0,898152	0,898152	0,898152	3,269255	0,898152	
0,898152	0,898152	0,898152	0,898152	0,898152	0,898152	0,898152	0,898152	0,898152	3,269255	
0,898152	0,898152	0,898152	0,898152	0,898152	0,898152	0,898152	0,898152	0,898152	0,898152	
0,898152	0,898152	0,898152	0,898152	0,898152	0,898152	0,898152	0,898152	0,898152	0,898152	
0,898152	0,898152	0,898152	0,898152	0,898152	0,898152	0,898152	1,016917	2,781928	0,898152	
0,898152	0,898152	0,898152	0,898152	0,898152	0,898152	0,898152	0,898152	1,016917	2,781928	
0,898152	0,898152	0,898152	0,898152	0,898152	0,898152	0,898152	2,781928	0,898152	10,807907	
0,898152	0,898152	0,898152	0,898152	0,898152	0,898152	0,898152	0,898152	2,781928	10,807907	
0,898152	0,898152	0,898152	0,898152	0,898152	0,898152	2,781928	0,898152	8,130630	9,813478	
0,898152	0,898152	0,898152	0,898152	0,898152	0,898152	0,898152	2,781928	8,130630	9,813478	
0,898152	0,898152	0,898152	0,898152	0,898152	0,898152	0,898152	8,130630	10,596226	11,696684	
0,898152	0,898152	0,898152	0,898152	0,898152	0,898152	0,898152	8,130630	10,596226	11,696684	
0,898152	0,898152	0,898152	0,898152	0,898152	0,898152	0,898152	0,898152	0,898152	0,898152	
0,898152	0,898152	0,898152	0,898152	0,898152	0,898152	0,898152	0,898152	0,898152	0,898152	
0,898152	0,898152	0,898152	0,898152	0,898152	0,898152	0,898152	0,898152	0,898152	10,501348	
0,898152	0,898152	0,898152	0,898152	0,898152	0,898152	0,898152	0,898152	0,898152	10,501348	
0,898152	0,898152	0,898152	0,898152	0,898152	0,898152	0,898152	0,898152	0,898152	0,898152	
0,898152	0,898152	0,898152	0,898152	0,898152	0,898152	0,898152	0,898152	0,898152	0,898152	
0,898152	0,898152	0,898152	0,898152	0,898152	0,898152	0,898152	0,898152	0,898152	0,898152	
0,898152	0,898152	0,898152	0,898152	0,898152	0,898152	0,898152	0,898152	0,898152	0,898152	
0,898152	0,898152	0,898152	0,898152	0,898152	0,898152	0,898152	0,898152	0,898152	0,898152	
0,898152	0,898152	0,898152	0,898152	0,898152	0,898152	0,898152	0,898152	0,898152	0,898152	
0,898152	0,898152	0,898152	0,898152	0,898152	0,898152	0,898152	0,898152	0,898152	0,898152	
0,898152	0,898152	0,898152	0,898152	0,898152	0,898152	0,898152	0,898152	0,898152	0,898152	
0,898152	0,898152	0,898152	0,898152	0,898152	0,898152	0,898152	0,898152	0,898152	9,434012	
0,898152	0,898152	0,898152	0,898152	0,898152	0,898152	0,898152	0,898152	0,898152	9,434012	
0,898152	0,898152	0,898152	0,898152	0,898152	0,898152	0,898152	0,898152	0,898152	8,260907	
0,898152	0,898152	0,898152	0,898152	0,898152	0,898152	0,898152	0,898152	0,898152	8,260907	
0,898152	0,898152	0,898152	0,898152	0,898152	0,898152	0,898152	0,898152	8,260907	8,260907	
0,898152	0,898152	0,898152	0,898152	0,898152	0,898152	0,898152	0,898152	8,260907	8,260907	
0,898152	0,898152	0,898152	0,898152	0,898152	0,898152	0,898152	0,898152	8,260907	9,944857	
0,898152	0,898152	0,898152	0,898152	0,898152	0,898152	0,898152	0,898152	8,260907	9,944857	
0,898152	0,898152	0,898152	0,898152	0,898152	0,898152	0,898152	0,898152	8,260907	9,422464	
0,898152	0,898152	0,898152	0,898152	0,898152	0,898152	0,898152	0,898152	8,260907	9,422464	
0,898152	0,898152	0,898152	0,898152	0,898152	0,898152	0,898152	0,898152	0,898152	9,422464	
0,898152	0,898152	0,898152	0,898152	0,898152	0,898152	0,898152	0,898152	0,898152	9,422464	
0,898152	0,898152	0,898152	0,898152	0,898152	0,898152	0,898152	0,898152	9,422464	10,595239	
0,898152	0,898152	0,898152	0,898152	0,898152	0,898152	0,898152	0,898152	9,422464	10,595239	
0,898152	0,898152	0,898152	0,898152	0,898152	0,898152	0,898152	0,898152	0,898152	10,595239	
0,898152	0,898152	0,898152	0,898152	0,898152	0,898152	0,898152	0,898152	0,898152	10,595239	
0,898152	0,898152	0,898152	0,898152	0,898152	0,898152	0,898152	0,898152	0,898152	0,898152	
0,898152	0,898152	0,898152	0,898152	0,898152	0,898152	0,898152	0,898152	0,898152	0,898152	
0,898152	0,898152	0,898152	0,898152	0,898152	0,898152	0,898152	0,898152	0,898152	11,242489	
0,898152	0,898152	0,898152	0,898152	0,898152	0,898152	0,898152	0,898152	0,898152	11,242489	
0,898152	0,898152	0,898152	0,898152	0,898152	0,898152	0,898152	0,898152	0,898152	0,898152	
0,898152	0,898152	0,898152	0,898152	0,898152	0,898152	0,898152	0,898152	0,898152	0,898152	
0,898152	0,898152	0,898152	0,898152	0,898152	0,898152	0,898152	0,898152	10,930708	11,238814	
0,898152	0,898152	0,898152	0,898152	0,898152	0,898152	0,898152	0,898152	10,930708	11,238814	
0,898152	0,898152	0,898152	0,898152	0,898152	0,898152	0,898152	0,898152	5,790550	11,238814	
0,898152	0,898152	0,898152	0,898152	0,898152	0,898152	0,898152	0,898152	5,790550	11,238814	
0,898152	0,898152	0,898152	0,898152	0,898152	0,898152	0,898152	0,898152	0,898152	8,636229	
0,898152	0,898152	0,898152	0,898152	0,898152	0,898152	0,898152	0,898152	0,898152	8,636229	
0,898152	0,898152	0,898152	0,898152	0,898152	0,898152	0,898152	0,898152	0,898152	0,898152	
0,898152	0,898152	0,898152	0,898152	0,898152	0,898152	0,898152	0,898152	0,898152	0,898152	
0,898152	0,898152	0,898152	0,898152	0,898152	0,898152	0,898152	0,898152	0,898152	0,898152	
0,898152	0,898152	0,898152	0,898152	0,898152	0,898152	0,898152	0,898152	0,898152	0,898152	
0,898152	0,898152	0,898152	0,898152	0,898152	0,898152	0,898152	0,898152	0,898152	7,800241	
0,898152	0,898152	0,898152	0,898152	0,898152	0,898152	0,898152	0,898152	0,898152	7,800241	
0,898152	0,898152	0,898152	0,898152	0,898152	0,898152	0,898152	0,898152	0,898152	0,898152	
0,898152	0,898152	0,898152	0,898152	0,898152	0,898152	0,898152	0,898152	0,898152	0,898152	
0,898152	0,898152	0,898152	0,898152	0,898152	0,898152	0,898152	0,898152	0,898152	5,154889	
0,898152	0,898152	0,898152	0,898152	0,898152	0,898152	0,898152	0,898152	0,898152	5,154889	
0,898152	0,898152	0,898152	0,898152	0,898152	0,898152	0,898152	5,154889	5,154889	11,311014	
0,898152	0,898152	0,898152	0,898152	0,898152	0,898152	0,898152	5,154889	5,154889	11,311014	
0,898152	0,898152	0,898152	0,898152	0,898152	0,898152	0,898152	5,154889	5,154889	11,311014	
0,898152	0,898152	0,898152	0,898152	0,898152	0,898152	0,898152	5,154889	5,154889	11,311014	
0,898152	0,898152	0,898152	0,898152	0,898152	0,898152	0,898152	0,898152	0,898152	11,311014	
0,898152	0,898152	0,898152	0,898152	0,898152	0,898152	0,898152	0,898152	0,898152	11,311014	
0,898152	0,898152	0,898152	0,898152	0,898152	0,898152	0,898152	0,898152	11,311014	10,863640	
0,898152	0,898152	0,898152	0,898152	0,898152	0,898152	0,898152	0,898152	10,863640	11,311014	
0,898152	0,898152	0,898152	0,898152	0,898152	0,898152	0,898152	0,898152	0,898152	0,898152	
0,898152	0,898152	0,898152	0,898152	0,898152	0,898152	0,898152	0,898152	0,898152	0,898152	
0,898152	0,898152	0,898152	0,898152	0,898152	0,898152	0,898152	0,898152	0,898152	0,898152	
0,898152	0,898152	0,898152	0,898152	0,898152	0,898152	0,898152	0,898152	0,898152	0,898152	
0,898152	0,898152	0,898152	0,898152	0,898152	0,898152	0,898152	0,898152	0,898152	0,898152	
0,898152	0,898152	0,898152	0,898152	0,898152	0,898152	0,898152	0,898152	0,898152	0,898152	
0,898152	0,898152	0,898152	0,898152	0,898152	0,898152	0,898152	0,898152	0,898152	0,898152	
0,898152	0,898152	0,898152	0,898152	0,898152	0,898152	0,898152	0,898152	0,898152	0,898152	
0,898152	0,898152	0,898152	0,898152	0,898152	0,898152	0,898152	0,898152	0,898152	0,898152	
0,898152	0,898152	0,898152	0,898152	0,898152	0,898152	0,898152	0,898152	0,898152	0,898152	
0,898152	0,898152	0,898152	0,898152	0,898152	0,898152	0,898152	0,898152	0,898152	9,715516	
0,898152	0,898152	0,898152	0,898152	0,898152	0,898152	0,898152	0,898152	0,898152	9,715516	
0,898152	0,898152	0,898152	0,898152	0,898152	0,898152	0,898152	0,898152	0,898152	7,317052	
0,898152	0,898152	0,898152	0,898152	0,898152	0,898152	0,898152	0,898152	0,898152	7,317052	
0,898152	0,898152	0,898152	0,898152	0,898152	0,898152	0,898152	7,317052	7,292382	10,900314	
0,898152	0,898152	0,898152	0,898152	0,898152	0,898152	0,898152	7,292382	7,317052	10,900314	
0,898152	0,898152	0,898152	0,898152	0,898152	0,898152	0,898152	0,898152	7,292382	9,636098	
0,898152	0,898152	0,898152	0,898152	0,898152	0,898152	0,898152	0,898152	7,292382	9,636098	
0,898152	0,898152	0,898152	0,898152	0,898152	0,898152	0,898152	0,898152	7,292382	9,636098	
0,898152	0,898152	0,898152	0,898152	0,898152	0,898152	0,898152	0,898152	7,292382	9,636098	
0,898152	0,898152	0,898152	0,898152	0,898152	0,898152	0,898152	0,898152	7,131945	9,636098	
0,898152	0,898152	0,898152	0,898152	0,898152	0,898152	0,898152	0,898152	7,131945	9,636098	
0,898152	0,898152	0,898152	0,898152	0,898152	0,898152	0,898152	0,898152	0,898152	9,472726	
0,898152	0,898152	0,898152	0,898152	0,898152	0,898152	0,898152	0,898152	0,898152	9,472726	
0,898152	0,898152	0,898152	0,898152	0,898152	0,898152	0,898152	0,898152	0,898152	9,472726	
0,898152	0,898152	0,898152	0,898152	0,898152	0,898152	0,898152	0,898152	0,898152	9,472726	
0,898152	0,898152	0,898152	0,898152	0,898152	0,898152	0,898152	0,898152	9,472726	10,540462	
0,898152	0,898152	0,898152	0,898152	0,898152	0,898152	0,898152	0,898152	9,472726	10,540462	
0,898152	0,898152	0,898152	0,898152	0,898152	0,898152	0,898152	10,540462	10,540462	10,540462	
0,898152	0,898152	0,898152	0,898152	0,898152	0,898152	0,898152	10,540462	10,540462	10,540462	
0,898152	0,898152	0,898152	0,898152	0,898152	0,898152	0,898152	0,898152	0,898152	10,540462	
0,898152	0,898152	0,898152	0,898152	0,898152	0,898152	0,898152	0,898152	0,898152	10,540462	
0,898152	0,898152	0,898152	0,898152	0,898152	0,898152	0,898152	0,898152	0,898152	10,540462	
0,898152	0,898152	0,898152	0,898152	0,898152	0,898152	0,898152	0,898152	0,898152	10,540462	
0,898152	0,898152	0,898152	0,898152	0,898152	0,898152	5,748974	6,256032	10,637745	10,540462	
0,898152	0,898152	0,898152	0,898152	0,898152	0,898152	5,748974	6,256032	10,540462	10,637745	
0,898152	0,898152	0,898152	0,898152	0,898152	0,898152	0,898152	6,256032	10,451892	10,637745	
0,898152	0,898152	0,898152	0,898152	0,898152	0,898152	0,898152	6,256032	10,451892	10,637745	
0,898152	0,898152	0,898152	0,898152	0,898152	0,898152	0,898152	0,898152	0,898152	0,898152	
0,898152	0,898152	0,898152	0,898152	0,898152	0,898152	0,898152	0,898152	0,898152	0,898152	
0,898152	0,898152	0,898152	0,898152	0,898152	0,898152	0,898152	0,898152	0,898152	0,898152	
0,898152	0,898152	0,898152	0,898152	0,898152	0,898152	0,898152	0,898152	0,898152	0,898152	
0,898152	0,898152	0,898152	0,898152	0,898152	0,898152	0,898152	0,898152	0,898152	0,898152	
0,898152	0,898152	0,898152	0,898152	0,898152	0,898152	0,898152	0,898152	0,898152	0,898152	
0,898152	0,898152	0,898152	0,898152	0,898152	0,898152	0,898152	0,898152	0,898152	0,898152	
0,898152	0,898152	0,898152	0,898152	0,898152	0,898152	0,898152	0,898152	0,898152	0,898152	
0,898152	0,898152	0,898152	0,898152	0,898152	0,898152	0,898152	0,898152	0,898152	0,898152	
0,898152	0,898152	0,898152	0,898152	0,898152	0,898152	0,898152	0,898152	0,898152	0,898152	
0,898152	0,898152	0,898152	0,898152	0,898152	0,898152	0,898152	0,898152	0,898152	0,898152	
0,898152	0,898152	0,898152	0,898152	0,898152	0,898152	0,898152	0,898152	0,898152	0,898152	
0,898152	0,898152	0,898152	0,898152	0,898152	0,898152	0,898152	0,898152	0,898152	0,898152	
0,898152	0,898152	0,898152	0,898152	0,898152	0,898152	0,898152	0,898152	0,898152	0,898152	
0,898152	0,898152	0,898152	0,898152	0,898152	0,898152	0,898152	0,898152	0,898152	0,898152	
0,898152	0,898152	0,898152	0,898152	0,898152	0,898152	0,898152	0,898152	0,898152	0,898152	
0,898152	0,898152	0,898152	0,898152	0,898152	0,898152	0,898152	0,898152	0,898152	0,898152	
0,898152	0,898152	0,898152	0,898152	0,898152	0,898152	0,898152	0,898152	0,898152	0,898152	
0,898152	0,898152	0,898152	0,898152	0,898152	0,898152	0,898152	0,898152	0,898152	7,862257	
0,898152	0,898152	0,898152	0,898152	0,898152	0,898152	0,898152	0,898152	0,898152	7,862257	
0,898152	0,898152	0,898152	0,898152	0,898152	0,898152	0,898152	0,898152	0,898152	7,862257	
0,898152	0,898152	0,898152	0,898152	0,898152	0,898152	0,898152	0,898152	0,898152	7,862257	
0,898152	0,898152	0,898152	0,898152	0,898152	0,898152	0,898152	0,898152	6,632321	7,862257	
0,898152	0,898152	0,898152	0,898152	0,898152	0,898152	0,898152	0,898152	6,632321	7,862257	
0,898152	0,898152	0,898152	0,898152	0,898152	0,898152	0,898152	0,898152	7,862257	7,873353	
0,898152	0,898152	0,898152	0,898152	0,898152	0,898152	0,898152	0,898152	7,862257	7,873353	
0,898152	0,898152	0,898152	0,898152	0,898152	0,898152	0,898152	0,898152	7,873353	10,265924	
0,898152	0,898152	0,898152	0,898152	0,898152	0,898152	0,898152	0,898152	7,873353	10,265924	
0,898152	0,898152	0,898152	0,898152	0,898152	0,898152	0,898152	0,898152	0,898152	7,873353	
0,898152	0,898152	0,898152	0,898152	0,898152	0,898152	0,898152	0,898152	0,898152	7,873353	
0,898152	0,898152	0,898152	0,898152	0,898152	0,898152	0,898152	0,898152	0,898152	0,898152	
0,898152	0,898152	0,898152	0,898152	0,898152	0,898152	0,898152	0,898152	0,898152	0,898152	
0,898152	0,898152	0,898152	0,898152	0,898152	0,898152	0,898152	0,898152	2,966587	0,898152	
0,898152	0,898152	0,898152	0,898152	0,898152	0,898152	0,898152	0,898152	0,898152	2,966587	
0,898152	0,898152	0,898152	0,898152	0,898152	0,898152	0,898152	0,898152	0,898152	3,342750	
0,898152	0,898152	0,898152	0,898152	0,898152	0,898152	0,898152	0,898152	0,898152	3,342750	
0,898152	0,898152	0,898152	0,898152	0,898152	0,898152	0,898152	0,898152	0,898152	3,342750	
0,898152	0,898152	0,898152	0,898152	0,898152	0,898152	0,898152	0,898152	0,898152	3,342750	
0,898152	0,898152	0,898152	0,898152	0,898152	0,898152	0,898152	0,898152	3,342750	5,292562	
0,898152	0,898152	0,898152	0,898152	0,898152	0,898152	0,898152	0,898152	3,342750	5,292562	
0,898152	0,898152	0,898152	0,898152	0,898152	0,898152	0,898152	0,898152	0,898152	0,898152	
0,898152	0,898152	0,898152	0,898152	0,898152	0,898152	0,898152	0,898152	0,898152	0,898152	
0,898152	0,898152	0,898152	0,898152	0,898152	0,898152	0,898152	0,898152	0,898152	8,808235	
0,898152	0,898152	0,898152	0,898152	0,898152	0,898152	0,898152	0,898152	0,898152	8,808235	
0,898152	0,898152	0,898152	0,898152	0,898152	0,898152	0,898152	0,898152	0,898152	10,443608	
0,898152	0,898152	0,898152	0,898152	0,898152	0,898152	0,898152	0,898152	0,898152	10,443608	
0,898152	0,898152	0,898152	0,898152	0,898152	0,898152	0,898152	0,898152	0,898152	4,652116	
0,898152	0,898152	0,898152	0,898152	0,898152	0,898152	0,898152	0,898152	0,898152	4,652116	
0,898152	0,898152	0,898152	0,898152	0,898152	0,898152	0,898152	0,898152	0,898152	0,898152	
0,898152	0,898152	0,898152	0,898152	0,898152	0,898152	0,898152	0,898152	0,898152	0,898152	
0,898152	0,898152	0,898152	0,898152	0,898152	0,898152	0,898152	0,898152	0,898152	0,898152	
0,898152	0,898152	0,898152	0,898152	0,898152	0,898152	0,898152	0,898152	0,898152	0,898152	
0,898152	0,898152	0,898152	0,898152	0,898152	0,898152	0,898152	0,898152	0,898152	0,898152	
0,898152	0,898152	0,898152	0,898152	0,898152	0,898152	0,898152	0,898152	0,898152	0,898152	
0,898152	0,898152	0,898152	0,898152	0,898152	0,898152	0,898152	0,898152	0,898152	0,898152	
0,898152	0,898152	0,898152	0,898152	0,898152	0,898152	0,898152	0,898152	0,898152	0,898152	
0,898152	0,898152	0,898152	0,898152	0,898152	0,898152	0,898152	0,898152	0,898152	0,898152	
0,898152	0,898152	0,898152	0,898152	0,898152	0,898152	0,898152	0,898152	0,898152	0,898152	
0,898152	0,898152	0,898152	0,898152	0,898152	0,898152	0,898152	0,898152	0,898152	0,898152	
0,898152	0,898152	0,898152	0,898152	0,898152	0,898152	0,898152	0,898152	0,898152	0,898152	
0,898152	0,898152	0,898152	0,898152	0,898152	0,898152	0,898152	0,898152	0,898152	0,898152	
0,898152	0,898152	0,898152	0,898152	0,898152	0,898152	0,898152	0,898152	0,898152	0,898152	
0,898152	0,898152	0,898152	0,898152	0,898152	0,898152	0,898152	0,898152	0,898152	0,898152	
0,898152	0,898152	0,898152	0,898152	0,898152	0,898152	0,898152	0,898152	0,898152	0,898152	
0,898152	0,898152	0,898152	0,898152	0,898152	0,898152	0,898152	0,898152	3,316072	0,898152	
0,898152	0,898152	0,898152	0,898152	0,898152	0,898152	0,898152	0,898152	0,898152	3,316072	
0,898152	0,898152	0,898152	0,898152	0,898152	0,898152	0,898152	0,898152	0,898152	0,898152	
0,898152	0,898152	0,898152	0,898152	0,898152	0,898152	0,898152	0,898152	0,898152	0,898152	
0,898152	0,898152	0,898152	0,898152	0,898152	0,898152	0,898152	0,898152	0,898152	0,898152	
0,898152	0,898152	0,898152	0,898152	0,898152	0,898152	0,898152	0,898152	0,898152	0,898152	
0,898152	0,898152	0,898152	0,898152	0,898152	0,898152	0,898152	0,898152	0,898152	0,898152	
0,898152	0,898152	0,898152	0,898152	0,898152	0,898152	0,898152	0,898152	0,898152	0,898152	
0,898152	0,898152	0,898152	0,898152	0,898152	0,898152	0,898152	0,898152	0,898152	0,898152	
0,898152	0,898152	0,898152	0,898152	0,898152	0,898152	0,898152	0,898152	0,898152	0,898152	
0,898152	0,898152	0,898152	0,898152	0,898152	0,898152	0,898152	0,898152	10,378601	10,332210	
0,898152	0,898152	0,898152	0,898152	0,898152	0,898152	0,898152	0,898152	10,332210	10,378601	
0,898152	0,898152	0,898152	0,898152	0,898152	0,898152	0,898152	0,898152	3,399831	0,898152	
0,898152	0,898152	0,898152	0,898152	0,898152	0,898152	0,898152	0,898152	0,898152	3,399831	
0,898152	0,898152	0,898152	0,898152	0,898152	0,898152	3,353000	0,898152	5,237803	7,155978	
0,898152	0,898152	0,898152	0,898152	0,898152	0,898152	0,898152	3,353000	5,237803	7,155978	
0,898152	0,898152	0,898152	0,898152	0,898152	3,353000	3,353000	0,898152	7,155978	7,155978	
0,898152	0,898152	0,898152	0,898152	0,898152	0,898152	3,353000	3,353000	7,155978	7,155978	
0,898152	0,898152	0,898152	0,898152	0,898152	0,898152	0,898152	0,898152	0,898152	7,155978	
0,898152	0,898152	0,898152	0,898152	0,898152	0,898152	0,898152	0,898152	0,898152	7,155978	
0,898152	0,898152	0,898152	0,898152	0,898152	0,898152	0,898152	0,898152	0,898152	0,898152	
0,898152	0,898152	0,898152	0,898152	0,898152	0,898152	0,898152	0,898152	0,898152	0,898152	
0,898152	0,898152	0,898152	0,898152	0,898152	0,898152	0,898152	0,898152	0,898152	0,898152	
0,898152	0,898152	0,898152	0,898152	0,898152	0,898152	0,898152	0,898152	0,898152	0,898152	
0,898152	0,898152	0,898152	0,898152	0,898152	0,898152	0,898152	0,898152	0,898152	0,898152	
0,898152	0,898152	0,898152	0,898152	0,898152	0,898152	0,898152	0,898152	0,898152	0,898152	
0,898152	0,898152	0,898152	0,898152	0,898152	0,898152	0,898152	0,898152	0,898152	0,898152	
0,898152	0,898152	0,898152	0,898152	0,898152	0,898152	0,898152	0,898152	0,898152	0,898152	
0,898152	0,898152	0,898152	0,898152	0,898152	0,898152	0,898152	0,898152	0,898152	0,898152	
0,898152	0,898152	0,898152	0,898152	0,898152	0,898152	0,898152	0,898152	0,898152	0,898152	
0,898152	0,898152	0,898152	0,898152	0,898152	0,898152	0,898152	0,898152	0,898152	4,920669	
0,898152	0,898152	0,898152	0,898152	0,898152	0,898152	0,898152	0,898152	0,898152	4,920669	
0,898152	0,898152	0,898152	0,898152	0,898152	0,898152	0,898152	0,898152	0,898152	0,898152	
0,898152	0,898152	0,898152	0,898152	0,898152	0,898152	0,898152	0,898152	0,898152	0,898152	
0,898152	0,898152	0,898152	0,898152	0,898152	0,898152	0,898152	0,898152	0,898152	0,898152	
0,898152	0,898152	0,898152	0,898152	0,898152	0,898152	0,898152	0,898152	0,898152	0,898152	
0,898152	0,898152	0,898152	0,898152	0,898152	0,898152	0,898152	0,898152	0,898152	0,898152	
0,898152	0,898152	0,898152	0,898152	0,898152	0,898152	0,898152	0,898152	0,898152	0,898152	
0,898152	0,898152	0,898152	0,898152	0,898152	0,898152	0,898152	0,898152	0,898152	0,898152	
0,898152	0,898152	0,898152	0,898152	0,898152	0,898152	0,898152	0,898152	0,898152	0,898152	
0,898152	0,898152	0,898152	0,898152	0,898152	0,898152	0,898152	0,898152	0,898152	5,071978	
0,898152	0,898152	0,898152	0,898152	0,898152	0,898152	0,898152	0,898152	0,898152	5,071978	
0,898152	0,898152	0,898152	0,898152	0,898152	0,898152	5,071978	5,071978	5,071978	5,071978	
0,898152	0,898152	0,898152	0,898152	0,898152	0,898152	5,071978	5,071978	5,071978	5,071978	
0,898152	0,898152	0,898152	0,898152	0,898152	5,071978	5,071978	5,071978	5,071978	5,071978	
0,898152	0,898152	0,898152	0,898152	0,898152	5,071978	5,071978	5,071978	5,071978	5,071978	
0,898152	0,898152	0,898152	0,898152	0,898152	0,898152	5,071978	5,071978	5,071978	5,071978	
0,898152	0,898152	0,898152	0,898152	0,898152	0,898152	5,071978	5,071978	5,071978	5,071978	
0,898152	0,898152	0,898152	0,898152	0,898152	0,898152	0,898152	0,898152	0,898152	5,071978	
0,898152	0,898152	0,898152	0,898152	0,898152	0,898152	0,898152	0,898152	0,898152	5,071978	
0,898152	0,898152	0,898152	0,898152	0,898152	0,898152	0,898152	5,071978	5,071978	11,182096	
0,898152	0,898152	0,898152	0,898152	0,898152	0,898152	0,898152	5,071978	5,071978	11,182096	
0,898152	0,898152	0,898152	0,898152	0,898152	0,898152	0,898152	0,898152	5,071978	11,182096	
0,898152	0,898152	0,898152	0,898152	0,898152	0,898152	0,898152	0,898152	5,071978	11,182096	
0,898152	0,898152	0,898152	0,898152	0,898152	0,898152	0,898152	0,898152	0,898152	4,045552	
0,898152	0,898152	0,898152	0,898152	0,898152	0,898152	0,898152	0,898152	0,898152	4,045552	
0,898152	0,898152	0,898152	0,898152	0,898152	0,898152	0,898152	0,898152	0,898152	0,898152	
0,898152	0,898152	0,898152	0,898152	0,898152	0,898152	0,898152	0,898152	0,898152	0,898152	
0,898152	0,898152	0,898152	0,898152	0,898152	0,898152	0,898152	0,898152	0,898152	5,838007	
0,898152	0,898152	0,898152	0,898152	0,898152	0,898152	0,898152	0,898152	0,898152	5,838007	
0,898152	0,898152	0,898152	0,898152	0,898152	0,898152	0,898152	0,898152	0,898152	5,570342	
0,898152	0,898152	0,898152	0,898152	0,898152	0,898152	0,898152	0,898152	0,898152	5,570342	
0,898152	0,898152	0,898152	0,898152	0,898152	0,898152	0,898152	0,898152	5,570342	5,570342	
0,898152	0,898152	0,898152	0,898152	0,898152	0,898152	0,898152	0,898152	5,570342	5,570342	
0,898152	0,898152	0,898152	0,898152	0,898152	0,898152	0,898152	0,898152	0,898152	5,570342	
0,898152	0,898152	0,898152	0,898152	0,898152	0,898152	0,898152	0,898152	0,898152	5,570342	
0,898152	0,898152	0,898152	0,898152	0,898152	0,898152	0,898152	0,898152	0,898152	0,898152	
0,898152	0,898152	0,898152	0,898152	0,898152	0,898152	0,898152	0,898152	0,898152	0,898152	
0,898152	0,898152	0,898152	0,898152	0,898152	0,898152	0,898152	0,898152	7,901416	9,648600	
0,898152	0,898152	0,898152	0,898152	0,898152	0,898152	0,898152	0,898152	7,901416	9,648600	
0,898152	0,898152	0,898152	0,898152	0,898152	0,898152	0,898152	3,133330	0,898152	7,901416	
0,898152	0,898152	0,898152	0,898152	0,898152	0,898152	0,898152	0,898152	3,133330	7,901416	
0,898152	0,898152	0,898152	0,898152	0,898152	0,898152	0,898152	0,898152	0,898152	9,649882	
0,898152	0,898152	0,898152	0,898152	0,898152	0,898152	0,898152	0,898152	0,898152	9,649882	
0,898152	0,898152	0,898152	0,898152	0,898152	0,898152	0,898152	0,898152	9,649882	9,587292	
0,898152	0,898152	0,898152	0,898152	0,898152	0,898152	0,898152	0,898152	9,587292	9,649882	
0,898152	0,898152	0,898152	0,898152	0,898152	0,898152	0,898152	0,898152	0,898152	8,248980	
0,898152	0,898152	0,898152	0,898152	0,898152	0,898152	0,898152	0,898152	0,898152	8,248980	
0,898152	0,898152	0,898152	0,898152	0,898152	0,898152	0,898152	0,898152	0,898152	8,248980	
0,898152	0,898152	0,898152	0,898152	0,898152	0,898152	0,898152	0,898152	0,898152	8,248980	
0,898152	0,898152	0,898152	0,898152	0,898152	0,898152	0,898152	0,898152	0,898152	0,898152	
0,898152	0,898152	0,898152	0,898152	0,898152	0,898152	0,898152	0,898152	0,898152	0,898152	
0,898152	0,898152	0,898152	0,898152	0,898152	0,898152	0,898152	0,898152	0,898152	10,503386	
0,898152	0,898152	0,898152	0,898152	0,898152	0,898152	0,898152	0,898152	0,898152	10,503386	
0,898152	0,898152	0,898152	0,898152	0,898152	0,898152	0,898152	0,898152	10,503386	10,503386	
0,898152	0,898152	0,898152	0,898152	0,898152	0,898152	0,898152	0,898152	10,503386	10,503386	
0,898152	0,898152	0,898152	0,898152	0,898152	2,779809	0,898152	9,975661	10,503386	10,503386	
0,898152	0,898152	0,898152	0,898152	0,898152	0,898152	2,779809	9,975661	10,503386	10,503386	
0,898152	0,898152	0,898152	0,898152	0,898152	2,779809	0,898152	9,975661	10,503386	10,503386	
0,898152	0,898152	0,898152	0,898152	0,898152	0,898152	2,779809	9,975661	10,503386	10,503386	
0,898152	0,898152	0,898152	0,898152	0,898152	0,898152	3,202091	0,898152	9,975661	9,975661	
0,898152	0,898152	0,898152	0,898152	0,898152	0,898152	0,898152	3,202091	9,975661	9,975661	
0,898152	0,898152	0,898152	0,898152	0,898152	0,898152	0,898152	0,898152	9,975661	9,975661	
0,898152	0,898152	0,898152	0,898152	0,898152	0,898152	0,898152	0,898152	9,975661	9,975661	
0,898152	0,898152	0,898152	0,898152	0,898152	0,898152	0,898152	7,292236	9,975661	9,975661	
0,898152	0,898152	0,898152	0,898152	0,898152	0,898152	0,898152	7,292236	9,975661	9,975661	
0,898152	0,898152	0,898152	0,898152	0,898152	0,898152	0,898152	0,898152	0,898152	9,975661	
0,898152	0,898152	0,898152	0,898152	0,898152	0,898152	0,898152	0,898152	0,898152	9,975661	
0,898152	0,898152	0,898152	0,898152	0,898152	0,898152	0,898152	7,897983	7,527177	9,975661	
0,898152	0,898152	0,898152	0,898152	0,898152	0,898152	0,898152	7,527177	7,897983	9,975661	
0,898152	0,898152	0,898152	0,898152	0,898152	0,898152	0,898152	0,898152	0,898152	9,605271	
0,898152	0,898152	0,898152	0,898152	0,898152	0,898152	0,898152	0,898152	0,898152	9,605271	
0,898152	0,898152	0,898152	0,898152	0,898152	0,898152	0,898152	0,898152	0,898152	9,605271	
0,898152	0,898152	0,898152	0,898152	0,898152	0,898152	0,898152	0,898152	0,898152	9,605271	
0,898152	0,898152	0,898152	0,898152	0,898152	0,898152	0,898152	0,898152	0,898152	0,898152	
0,898152	0,898152	0,898152	0,898152	0,898152	0,898152	0,898152	0,898152	0,898152	0,898152	
0,898152	0,898152	0,898152	0,898152	0,898152	0,898152	0,898152	0,898152	0,898152	0,898152	
0,898152	0,898152	0,898152	0,898152	0,898152	0,898152	0,898152	0,898152	0,898152	0,898152	
0,898152	0,898152	0,898152	0,898152	0,898152	0,898152	0,898152	0,898152	0,898152	6,055180	
0,898152	0,898152	0,898152	0,898152	0,898152	0,898152	0,898152	0,898152	0,898152	6,055180	
0,898152	0,898152	0,898152	0,898152	0,898152	0,898152	0,898152	0,898152	0,898152	0,898152	
0,898152	0,898152	0,898152	0,898152	0,898152	0,898152	0,898152	0,898152	0,898152	0,898152	
0,898152	0,898152	0,898152	0,898152	0,898152	0,898152	0,898152	0,898152	0,898152	0,898152	
0,898152	0,898152	0,898152	0,898152	0,898152	0,898152	0,898152	0,898152	0,898152	0,898152	
0,898152	0,898152	0,898152	0,898152	0,898152	0,898152	0,898152	0,898152	0,898152	0,898152	
0,898152	0,898152	0,898152	0,898152	0,898152	0,898152	0,898152	0,898152	0,898152	0,898152	
0,898152	0,898152	0,898152	0,898152	0,898152	0,898152	0,898152	0,898152	0,898152	0,898152	
0,898152	0,898152	0,898152	0,898152	0,898152	0,898152	0,898152	0,898152	0,898152	0,898152	
0,898152	0,898152	0,898152	0,898152	0,898152	0,898152	0,898152	0,898152	3,396000	0,898152	
0,898152	0,898152	0,898152	0,898152	0,898152	0,898152	0,898152	0,898152	0,898152	3,396000	
0,898152	0,898152	0,898152	0,898152	0,898152	0,898152	0,898152	0,898152	0,898152	0,898152	
0,898152	0,898152	0,898152	0,898152	0,898152	0,898152	0,898152	0,898152	0,898152	0,898152	
0,898152	0,898152	0,898152	0,898152	0,898152	0,898152	0,898152	0,898152	0,898152	0,898152	
0,898152	0,898152	0,898152	0,898152	0,898152	0,898152	0,898152	0,898152	0,898152	0,898152	
0,898152	0,898152	0,898152	0,898152	0,898152	0,898152	0,898152	0,898152	0,898152	0,898152	
0,898152	0,898152	0,898152	0,898152	0,898152	0,898152	0,898152	0,898152	0,898152	0,898152	
0,898152	0,898152	0,898152	0,898152	0,898152	0,898152	0,898152	0,898152	0,898152	0,898152	
0,898152	0,898152	0,898152	0,898152	0,898152	0,898152	0,898152	0,898152	0,898152	0,898152	
0,898152	0,898152	0,898152	0,898152	0,898152	0,898152	0,898152	0,898152	0,898152	0,898152	
0,898152	0,898152	0,898152	0,898152	0,898152	0,898152	0,898152	0,898152	0,898152	0,898152	
0,898152	0,898152	0,898152	0,898152	0,898152	0,898152	0,898152	0,898152	0,898152	0,898152	
0,898152	0,898152	0,898152	0,898152	0,898152	0,898152	0,898152	0,898152	0,898152	0,898152	
0,898152	0,898152	0,898152	0,898152	0,898152	0,898152	0,898152	0,898152	0,898152	9,714428	
0,898152	0,898152	0,898152	0,898152	0,898152	0,898152	0,898152	0,898152	0,898152	9,714428	
0,898152	0,898152	0,898152	0,898152	0,898152	0,898152	0,898152	0,898152	0,898152	9,714428	
0,898152	0,898152	0,898152	0,898152	0,898152	0,898152	0,898152	0,898152	0,898152	9,714428	
0,898152	0,898152	0,898152	0,898152	0,898152	0,898152	3,286690	0,898152	3,795331	5,493895	
0,898152	0,898152	0,898152	0,898152	0,898152	0,898152	0,898152	3,286690	3,795331	5,493895	
0,898152	0,898152	0,898152	0,898152	0,898152	0,898152	0,898152	0,898152	5,167050	5,493895	
0,898152	0,898152	0,898152	0,898152	0,898152	0,898152	0,898152	0,898152	5,167050	5,493895	
0,898152	0,898152	0,898152	0,898152	0,898152	0,898152	0,898152	5,109163	5,493895	9,736479	
0,898152	0,898152	0,898152	0,898152	0,898152	0,898152	0,898152	5,109163	5,493895	9,736479	
0,898152	0,898152	0,898152	0,898152	0,898152	0,898152	0,898152	0,898152	0,898152	0,898152	
0,898152	0,898152	0,898152	0,898152	0,898152	0,898152	0,898152	0,898152	0,898152	0,898152	
0,898152	0,898152	0,898152	0,898152	0,898152	0,898152	0,898152	0,898152	0,898152	0,898152	
0,898152	0,898152	0,898152	0,898152	0,898152	0,898152	0,898152	0,898152	0,898152	0,898152	
0,898152	0,898152	0,898152	0,898152	0,898152	0,898152	0,898152	0,898152	0,898152	0,898152	
0,898152	0,898152	0,898152	0,898152	0,898152	0,898152	0,898152	0,898152	0,898152	0,898152	
0,898152	0,898152	0,898152	0,898152	0,898152	0,898152	0,898152	0,898152	0,898152	0,898152	
0,898152	0,898152	0,898152	0,898152	0,898152	0,898152	0,898152	0,898152	0,898152	0,898152	
0,898152	0,898152	0,898152	0,898152	0,898152	0,898152	0,898152	0,898152	0,898152	0,898152	
0,898152	0,898152	0,898152	0,898152	0,898152	0,898152	0,898152	0,898152	0,898152	0,898152	
0,898152	0,898152	0,898152	0,898152	0,898152	0,898152	0,898152	0,898152	3,171887	0,898152	
0,898152	0,898152	0,898152	0,898152	0,898152	0,898152	0,898152	0,898152	0,898152	3,171887	
0,898152	0,898152	0,898152	0,898152	0,898152	0,898152	0,898152	3,308223	3,171887	0,898152	
0,898152	0,898152	0,898152	0,898152	0,898152	0,898152	0,898152	0,898152	3,171887	3,308223	
0,898152	0,898152	0,898152	0,898152	0,898152	0,898152	3,308223	3,171887	0,898152	5,549886	
0,898152	0,898152	0,898152	0,898152	0,898152	0,898152	0,898152	3,171887	3,308223	5,549886	
0,898152	0,898152	0,898152	0,898152	0,898152	0,898152	0,898152	0,898152	0,898152	7,259392	
0,898152	0,898152	0,898152	0,898152	0,898152	0,898152	0,898152	0,898152	0,898152	7,259392	
0,898152	0,898152	0,898152	0,898152	0,898152	0,898152	0,898152	0,898152	0,898152	7,259392	
0,898152	0,898152	0,898152	0,898152	0,898152	0,898152	0,898152	0,898152	0,898152	7,259392	
0,898152	0,898152	0,898152	0,898152	0,898152	0,898152	0,898152	0,898152	7,259392	7,259392	
0,898152	0,898152	0,898152	0,898152	0,898152	0,898152	0,898152	0,898152	7,259392	7,259392	
0,898152	0,898152	0,898152	0,898152	0,898152	0,898152	0,898152	7,259392	7,259392	12,415608	
0,898152	0,898152	0,898152	0,898152	0,898152	0,898152	0,898152	7,259392	7,259392	12,415608	
0,898152	0,898152	0,898152	0,898152	0,898152	0,898152	0,898152	7,259392	7,259392	11,240787	
0,898152	0,898152	0,898152	0,898152	0,898152	0,898152	0,898152	7,259392	7,259392	11,240787	
0,898152	0,898152	0,898152	0,898152	0,898152	0,898152	0,898152	0,898152	0,898152	0,898152	
0,898152	0,898152	0,898152	0,898152	0,898152	0,898152	0,898152	0,898152	0,898152	0,898152	
0,898152	0,898152	0,898152	0,898152	0,898152	0,898152	0,898152	0,898152	0,898152	0,898152	
0,898152	0,898152	0,898152	0,898152	0,898152	0,898152	0,898152	0,898152	0,898152	0,898152	
0,898152	0,898152	0,898152	0,898152	0,898152	0,898152	0,898152	0,898152	0,898152	0,898152	
0,898152	0,898152	0,898152	0,898152	0,898152	0,898152	0,898152	0,898152	0,898152	0,898152	
0,898152	0,898152	0,898152	0,898152	0,898152	0,898152	0,898152	0,898152	0,898152	0,898152	
0,898152	0,898152	0,898152	0,898152	0,898152	0,898152	0,898152	0,898152	0,898152	0,898152	
0,898152	0,898152	0,898152	0,898152	0,898152	0,898152	0,898152	0,898152	0,898152	0,898152	
0,898152	0,898152	0,898152	0,898152	0,898152	0,898152	0,898152	0,898152	0,898152	0,898152	
0,898152	0,898152	0,898152	0,898152	0,898152	0,898152	0,898152	0,898152	0,898152	10,802844	
0,898152	0,898152	0,898152	0,898152	0,898152	0,898152	0,898152	0,898152	0,898152	10,802844	
0,898152	0,898152	0,898152	0,898152	0,898152	0,898152	0,898152	0,898152	0,898152	0,898152	
0,898152	0,898152	0,898152	0,898152	0,898152	0,898152	0,898152	0,898152	0,898152	0,898152	
0,898152	0,898152	0,898152	0,898152	0,898152	0,898152	0,898152	0,898152	0,898152	0,898152	
0,898152	0,898152	0,898152	0,898152	0,898152	0,898152	0,898152	0,898152	0,898152	0,898152	
0,898152	0,898152	0,898152	0,898152	0,898152	0,898152	0,898152	0,898152	0,898152	5,365580	
0,898152	0,898152	0,898152	0,898152	0,898152	0,898152	0,898152	0,898152	0,898152	5,365580	
0,898152	0,898152	0,898152	0,898152	0,898152	0,898152	5,365580	5,365580	9,105444	9,172915	
0,898152	0,898152	0,898152	0,898152	0,898152	0,898152	5,365580	5,365580	9,105444	9,172915	
0,898152	0,898152	0,898152	0,898152	0,898152	0,898152	0,898152	5,365580	5,365580	5,365580	
0,898152	0,898152	0,898152	0,898152	0,898152	0,898152	0,898152	5,365580	5,365580	5,365580	
0,898152	0,898152	0,898152	0,898152	0,898152	0,898152	0,898152	0,898152	0,898152	9,439983	
0,898152	0,898152	0,898152	0,898152	0,898152	0,898152	0,898152	0,898152	0,898152	9,439983	
0,898152	0,898152	0,898152	0,898152	0,898152	0,898152	0,898152	0,898152	0,898152	9,439983	
0,898152	0,898152	0,898152	0,898152	0,898152	0,898152	0,898152	0,898152	0,898152	9,439983	
0,898152	0,898152	0,898152	0,898152	0,898152	0,898152	0,898152	0,898152	9,439983	10,910206	
0,898152	0,898152	0,898152	0,898152	0,898152	0,898152	0,898152	0,898152	9,439983	10,910206	
0,898152	0,898152	0,898152	0,898152	0,898152	0,898152	0,898152	0,898152	0,898152	0,898152	
0,898152	0,898152	0,898152	0,898152	0,898152	0,898152	0,898152	0,898152	0,898152	0,898152	
0,898152	0,898152	0,898152	0,898152	0,898152	0,898152	0,898152	0,898152	0,898152	0,898152	
0,898152	0,898152	0,898152	0,898152	0,898152	0,898152	0,898152	0,898152	0,898152	0,898152	
0,898152	0,898152	0,898152	0,898152	0,898152	0,898152	0,898152	0,898152	0,898152	7,460111	
0,898152	0,898152	0,898152	0,898152	0,898152	0,898152	0,898152	0,898152	0,898152	7,460111	
0,898152	0,898152	0,898152	0,898152	0,898152	0,898152	0,898152	0,898152	0,898152	0,898152	
0,898152	0,898152	0,898152	0,898152	0,898152	0,898152	0,898152	0,898152	0,898152	0,898152	
0,898152	0,898152	0,898152	0,898152	0,898152	0,898152	0,898152	0,898152	0,898152	7,765359	
0,898152	0,898152	0,898152	0,898152	0,898152	0,898152	0,898152	0,898152	0,898152	7,765359	
0,898152	0,898152	0,898152	0,898152	0,898152	0,898152	0,898152	0,898152	0,898152	7,765359	
0,898152	0,898152	0,898152	0,898152	0,898152	0,898152	0,898152	0,898152	0,898152	7,765359	
0,898152	0,898152	0,898152	0,898152	0,898152	0,898152	0,898152	0,898152	2,986614	0,898152	
0,898152	0,898152	0,898152	0,898152	0,898152	0,898152	0,898152	0,898152	0,898152	2,986614	
0,898152	0,898152	0,898152	0,898152	0,898152	2,986614	2,986614	2,986614	0,898152	2,969758	
0,898152	0,898152	0,898152	0,898152	0,898152	0,898152	2,969758	2,986614	2,986614	2,986614	
0,898152	0,898152	0,898152	0,898152	0,898152	0,898152	2,920855	3,063865	0,898152	3,833964	
0,898152	0,898152	0,898152	0,898152	0,898152	0,898152	0,898152	2,920855	3,063865	3,833964	
0,898152	0,898152	0,898152	0,898152	0,898152	0,898152	3,063865	0,898152	3,833964	9,410498	
0,898152	0,898152	0,898152	0,898152	0,898152	0,898152	0,898152	3,063865	3,833964	9,410498	
0,898152	0,898152	0,898152	0,898152	0,898152	0,898152	3,299152	3,063865	0,898152	9,403000	
0,898152	0,898152	0,898152	0,898152	0,898152	0,898152	0,898152	3,063865	3,299152	9,403000	
0,898152	0,898152	0,898152	0,898152	0,898152	0,898152	0,898152	0,898152	0,898152	0,898152	
0,898152	0,898152	0,898152	0,898152	0,898152	0,898152	0,898152	0,898152	0,898152	0,898152	
0,898152	0,898152	0,898152	0,898152	0,898152	0,898152	0,898152	0,898152	0,898152	10,996976	
0,898152	0,898152	0,898152	0,898152	0,898152	0,898152	0,898152	0,898152	0,898152	10,996976	
0,898152	0,898152	0,898152	0,898152	0,898152	0,898152	0,898152	0,898152	0,898152	0,898152	
0,898152	0,898152	0,898152	0,898152	0,898152	0,898152	0,898152	0,898152	0,898152	0,898152	
0,898152	0,898152	0,898152	0,898152	0,898152	0,898152	0,898152	0,898152	0,898152	0,898152	
0,898152	0,898152	0,898152	0,898152	0,898152	0,898152	0,898152	0,898152	0,898152	0,898152	
0,898152	0,898152	0,898152	0,898152	0,898152	0,898152	0,898152	0,898152	0,898152	0,898152	
0,898152	0,898152	0,898152	0,898152	0,898152	0,898152	0,898152	0,898152	0,898152	0,898152	
0,898152	0,898152	0,898152	0,898152	0,898152	0,898152	0,898152	0,898152	0,898152	0,898152	
0,898152	0,898152	0,898152	0,898152	0,898152	0,898152	0,898152	0,898152	0,898152	0,898152	
0,898152	0,898152	0,898152	0,898152	0,898152	0,898152	0,898152	0,898152	0,898152	0,898152	
0,898152	0,898152	0,898152	0,898152	0,898152	0,898152	0,898152	0,898152	0,898152	0,898152	
0,898152	0,898152	0,898152	0,898152	0,898152	0,898152	0,898152	0,898152	0,898152	8,491817	
0,898152	0,898152	0,898152	0,898152	0,898152	0,898152	0,898152	0,898152	0,898152	8,491817	
0,898152	0,898152	0,898152	0,898152	0,898152	0,898152	0,898152	0,898152	0,898152	0,898152	
0,898152	0,898152	0,898152	0,898152	0,898152	0,898152	0,898152	0,898152	0,898152	0,898152	
0,898152	0,898152	0,898152	0,898152	0,898152	0,898152	0,898152	0,898152	0,898152	0,898152	
0,898152	0,898152	0,898152	0,898152	0,898152	0,898152	0,898152	0,898152	0,898152	0,898152	
0,898152	0,898152	0,898152	0,898152	0,898152	0,898152	0,898152	0,898152	0,898152	9,325573	
0,898152	0,898152	0,898152	0,898152	0,898152	0,898152	0,898152	0,898152	0,898152	9,325573	
0,898152	0,898152	0,898152	0,898152	0,898152	0,898152	0,898152	0,898152	0,898152	0,898152	
0,898152	0,898152	0,898152	0,898152	0,898152	0,898152	0,898152	0,898152	0,898152	0,898152	
0,898152	0,898152	0,898152	0,898152	0,898152	0,898152	0,898152	0,898152	0,898152	0,898152	
0,898152	0,898152	0,898152	0,898152	0,898152	0,898152	0,898152	0,898152	0,898152	0,898152	
0,898152	0,898152	0,898152	0,898152	0,898152	0,898152	0,898152	0,898152	0,898152	0,898152	
0,898152	0,898152	0,898152	0,898152	0,898152	0,898152	0,898152	0,898152	0,898152	0,898152	
0,898152	0,898152	0,898152	0,898152	0,898152	0,898152	0,898152	0,898152	0,898152	0,898152	
0,898152	0,898152	0,898152	0,898152	0,898152	0,898152	0,898152	0,898152	0,898152	0,898152	
0,898152	0,898152	0,898152	0,898152	0,898152	0,898152	0,898152	0,898152	0,898152	0,898152	
0,898152	0,898152	0,898152	0,898152	0,898152	0,898152	0,898152	0,898152	0,898152	0,898152	
0,898152	0,898152	0,898152	0,898152	0,898152	0,898152	0,898152	0,898152	0,898152	0,898152	
0,898152	0,898152	0,898152	0,898152	0,898152	0,898152	0,898152	0,898152	0,898152	0,898152	
0,808818	0,898152	0,898152	0,898152	0,898152	0,898152	0,898152	0,898152	0,898152	10,288642	
0,808818	0,898152	0,898152	0,898152	0,898152	0,898152	0,898152	0,898152	0,898152	10,288642	
0,808818	0,808818	0,898152	0,898152	0,898152	0,898152	0,898152	0,808818	10,288642	10,288642	
0,808818	0,808818	0,808818	0,898152	0,898152	0,898152	0,898152	0,898152	10,288642	10,288642	
0,808818	0,808818	0,808818	0,898152	0,898152	0,898152	0,898152	0,808818	5,018040	10,288642	
0,808818	0,808818	0,808818	0,808818	0,898152	0,898152	0,898152	0,898152	5,018040	10,288642	
0,808818	0,808818	0,808818	0,808818	0,898152	0,898152	0,898152	0,898152	0,808818	10,288642	
0,808818	0,808818	0,808818	0,808818	0,808818	0,898152	0,898152	0,898152	0,898152	10,288642	
0,808818	0,808818	0,808818	0,808818	0,808818	0,898152	0,898152	0,808818	6,195685	10,217025	
0,808818	0,808818	0,808818	0,808818	0,808818	0,808818	0,898152	0,898152	6,195685	10,217025	
0,808818	0,808818	0,808818	0,808818	0,808818	0,808818	0,808818	0,808818	0,808818	10,217025	
0,808818	0,808818	0,808818	0,808818	0,808818	0,808818	0,808818	0,808818	0,808818	10,217025	
0,808818	0,808818	0,808818	0,808818	0,808818	0,808818	0,808818	0,808818	0,808818	10,217025	
0,808818	0,808818	0,808818	0,808818	0,808818	0,808818	0,808818	0,808818	0,808818	10,217025	
0,808818	0,808818	0,808818	0,808818	0,808818	0,808818	0,808818	0,808818	0,808818	0,808818	
0,808818	0,808818	0,808818	0,808818	0,808818	0,808818	0,808818	0,808818	0,808818	0,808818	
0,808818	0,808818	0,808818	0,808818	0,808818	0,808818	0,808818	0,808818	0,808818	0,808818	
0,808818	0,808818	0,808818	0,808818	0,808818	0,808818	0,808818	0,808818	0,808818	0,808818	
0,808818	0,808818	0,808818	0,808818	0,808818	0,808818	0,808818	0,808818	0,808818	0,808818	
0,808818	0,808818	0,808818	0,808818	0,808818	0,808818	0,808818	0,808818	0,808818	0,808818	
0,808818	0,808818	0,808818	0,808818	0,808818	0,808818	0,808818	0,808818	0,808818	0,808818	
0,808818	0,808818	0,808818	0,808818	0,808818	0,808818	0,808818	0,808818	0,808818	0,808818	
0,808818	0,808818	0,808818	0,808818	0,808818	0,808818	0,808818	0,808818	0,808818	5,295564	
0,808818	0,808818	0,808818	0,808818	0,808818	0,808818	0,808818	0,808818	0,808818	5,295564	
0,808818	0,808818	0,808818	0,808818	0,808818	0,808818	0,808818	0,808818	5,752523	9,539477	
0,808818	0,808818	0,808818	0,808818	0,808818	0,808818	0,808818	0,808818	5,752523	9,539477	
0,808818	0,808818	0,808818	0,808818	0,808818	0,808818	0,808818	0,808818	0,808818	5,752523	
0,808818	0,808818	0,808818	0,808818	0,808818	0,808818	0,808818	0,808818	0,808818	5,752523	
0,808818	0,808818	0,808818	0,808818	0,808818	0,808818	0,808818	0,808818	0,808818	0,808818	
0,808818	0,808818	0,808818	0,808818	0,808818	0,808818	0,808818	0,808818	0,808818	0,808818	
0,808818	0,808818	0,808818	0,808818	0,808818	0,808818	0,808818	0,808818	0,808818	0,808818	
0,808818	0,808818	0,808818	0,808818	0,808818	0,808818	0,808818	0,808818	0,808818	0,808818	
0,808818	0,808818	0,808818	0,808818	0,808818	0,808818	0,808818	0,808818	0,808818	9,217438	
0,808818	0,808818	0,808818	0,808818	0,808818	0,808818	0,808818	0,808818	0,808818	9,217438	
0,808818	0,808818	0,808818	0,808818	0,808818	0,808818	0,808818	0,808818	0,808818	0,808818	
0,808818	0,808818	0,808818	0,808818	0,808818	0,808818	0,808818	0,808818	0,808818	0,808818	
0,808818	0,808818	0,808818	0,808818	0,808818	0,808818	0,808818	0,808818	0,808818	0,808818	
0,808818	0,808818	0,808818	0,808818	0,808818	0,808818	0,808818	0,808818	0,808818	0,808818	
0,808818	0,808818	0,808818	0,808818	0,808818	0,808818	0,808818	0,808818	0,808818	0,808818	
0,808818	0,808818	0,808818	0,808818	0,808818	0,808818	0,808818	0,808818	0,808818	0,808818	
0,808818	0,808818	0,808818	0,808818	0,808818	0,808818	0,808818	0,808818	0,808818	0,808818	
0,808818	0,808818	0,808818	0,808818	0,808818	0,808818	0,808818	0,808818	0,808818	0,808818	
0,808818	0,808818	0,808818	0,808818	0,808818	0,808818	0,808818	0,808818	0,808818	0,808818	
0,808818	0,808818	0,808818	0,808818	0,808818	0,808818	0,808818	0,808818	0,808818	0,808818	
0,808818	0,808818	0,808818	0,808818	0,808818	0,808818	0,808818	0,808818	0,808818	0,808818	
0,808818	0,808818	0,808818	0,808818	0,808818	0,808818	0,808818	0,808818	0,808818	0,808818	
0,808818	0,808818	0,808818	0,808818	0,808818	0,808818	0,808818	0,808818	0,808818	10,445862	
0,808818	0,808818	0,808818	0,808818	0,808818	0,808818	0,808818	0,808818	0,808818	10,445862	
0,808818	0,808818	0,808818	0,808818	0,808818	0,808818	0,808818	0,808818	0,808818	0,808818	
0,808818	0,808818	0,808818	0,808818	0,808818	0,808818	0,808818	0,808818	0,808818	0,808818	
0,808818	0,808818	0,808818	0,808818	0,808818	0,808818	0,808818	0,808818	0,808818	0,808818	
0,808818	0,808818	0,808818	0,808818	0,808818	0,808818	0,808818	0,808818	0,808818	0,808818	
0,808818	0,808818	0,808818	0,808818	0,808818	0,808818	0,808818	0,808818	0,808818	0,808818	
0,808818	0,808818	0,808818	0,808818	0,808818	0,808818	0,808818	0,808818	0,808818	0,808818	
0,808818	0,808818	0,808818	0,808818	0,808818	0,808818	0,808818	0,808818	0,808818	0,808818	
0,808818	0,808818	0,808818	0,808818	0,808818	0,808818	0,808818	0,808818	0,808818	0,808818	
0,808818	0,808818	0,808818	0,808818	0,808818	0,808818	0,808818	0,808818	0,808818	7,255539	
0,808818	0,808818	0,808818	0,808818	0,808818	0,808818	0,808818	0,808818	0,808818	7,255539	
0,808818	0,808818	0,808818	0,808818	0,808818	0,808818	0,808818	2,916744	0,808818	7,255539	
0,808818	0,808818	0,808818	0,808818	0,808818	0,808818	0,808818	0,808818	2,916744	7,255539	
0,808818	0,808818	0,808818	0,808818	0,808818	0,808818	0,808818	0,808818	0,808818	0,808818	
0,808818	0,808818	0,808818	0,808818	0,808818	0,808818	0,808818	0,808818	0,808818	0,808818	
0,808818	0,808818	0,808818	0,808818	0,808818	0,808818	0,808818	0,808818	0,808818	5,764421	
0,808818	0,808818	0,808818	0,808818	0,808818	0,808818	0,808818	0,808818	0,808818	5,764421	
0,808818	0,808818	0,808818	0,808818	0,808818	0,808818	0,808818	0,808818	0,808818	9,058056	
0,808818	0,808818	0,808818	0,808818	0,808818	0,808818	0,808818	0,808818	0,808818	9,058056	
0,808818	0,808818	0,808818	0,808818	0,808818	0,808818	7,518622	9,058056	9,058056	10,868906	
0,808818	0,808818	0,808818	0,808818	0,808818	0,808818	7,518622	9,058056	9,058056	10,868906	
0,808818	0,808818	0,808818	0,808818	0,808818	0,808818	0,808818	0,808818	7,518622	7,518622	
0,808818	0,808818	0,808818	0,808818	0,808818	0,808818	0,808818	0,808818	7,518622	7,518622	
0,808818	0,808818	0,808818	0,808818	0,808818	0,808818	0,808818	0,808818	5,383131	7,518622	
0,808818	0,808818	0,808818	0,808818	0,808818	0,808818	0,808818	0,808818	5,383131	7,518622	
0,808818	0,808818	0,808818	0,808818	0,808818	0,808818	0,808818	0,808818	0,808818	7,407794	
0,808818	0,808818	0,808818	0,808818	0,808818	0,808818	0,808818	0,808818	0,808818	7,407794	
0,808818	0,808818	0,808818	0,808818	0,808818	0,808818	0,808818	0,808818	7,407794	7,407794	
0,808818	0,808818	0,808818	0,808818	0,808818	0,808818	0,808818	0,808818	7,407794	7,407794	
0,808818	0,808818	0,808818	0,808818	0,808818	0,808818	0,808818	0,808818	2,979858	0,808818	
0,808818	0,808818	0,808818	0,808818	0,808818	0,808818	0,808818	0,808818	0,808818	2,979858	
0,808818	0,808818	0,808818	0,808818	0,808818	0,808818	0,808818	0,808818	0,808818	0,808818	
0,808818	0,808818	0,808818	0,808818	0,808818	0,808818	0,808818	0,808818	0,808818	0,808818	
0,808818	0,808818	0,808818	0,808818	0,808818	0,808818	0,808818	0,808818	0,808818	10,288404	
0,808818	0,808818	0,808818	0,808818	0,808818	0,808818	0,808818	0,808818	0,808818	10,288404	
0,808818	0,808818	0,808818	0,808818	0,808818	0,808818	0,808818	0,808818	0,808818	10,288404	
0,808818	0,808818	0,808818	0,808818	0,808818	0,808818	0,808818	0,808818	0,808818	10,288404	
0,808818	0,808818	0,808818	0,808818	0,808818	0,808818	0,808818	0,808818	0,808818	0,808818	
0,808818	0,808818	0,808818	0,808818	0,808818	0,808818	0,808818	0,808818	0,808818	0,808818	
0,808818	0,808818	0,808818	0,808818	0,808818	0,808818	0,808818	0,808818	0,808818	0,808818	
0,808818	0,808818	0,808818	0,808818	0,808818	0,808818	0,808818	0,808818	0,808818	0,808818	
0,808818	0,808818	0,808818	0,808818	0,808818	0,808818	0,808818	0,808818	0,808818	0,808818	
0,808818	0,808818	0,808818	0,808818	0,808818	0,808818	0,808818	0,808818	0,808818	0,808818	
0,808818	0,808818	0,808818	0,808818	0,808818	0,808818	0,808818	0,826310	3,246218	0,808818	
0,808818	0,808818	0,808818	0,808818	0,808818	0,808818	0,808818	0,808818	0,826310	3,246218	
0,808818	0,808818	0,808818	0,808818	0,808818	0,808818	0,826310	1,025284	3,246218	0,808818	
0,808818	0,808818	0,808818	0,808818	0,808818	0,808818	0,808818	0,826310	1,025284	3,246218	
0,808818	0,808818	0,808818	0,808818	0,808818	0,808818	0,808818	0,826310	3,246218	0,808818	
0,808818	0,808818	0,808818	0,808818	0,808818	0,808818	0,808818	0,808818	0,826310	3,246218	
0,808818	0,808818	0,808818	0,808818	0,808818	0,808818	0,808818	0,826310	0,886271	0,808818	
0,808818	0,808818	0,808818	0,808818	0,808818	0,808818	0,808818	0,808818	0,826310	0,886271	
0,808818	0,808818	0,808818	0,808818	0,808818	0,826310	0,886271	0,808818	5,395478	10,961046	
0,808818	0,808818	0,808818	0,808818	0,808818	0,808818	0,826310	0,886271	5,395478	10,961046	
0,808818	0,808818	0,808818	0,808818	0,808818	0,808818	5,395478	8,859114	8,712203	10,961046	
0,808818	0,808818	0,808818	0,808818	0,808818	0,808818	5,395478	8,712203	8,859114	10,961046	
0,808818	0,808818	0,808818	0,808818	0,808818	0,808818	5,485848	8,712203	10,961046	10,961046	
0,808818	0,808818	0,808818	0,808818	0,808818	0,808818	5,485848	8,712203	10,961046	10,961046	
0,808818	0,808818	0,808818	0,808818	0,808818	0,808818	0,808818	9,649717	8,712203	10,961046	
0,808818	0,808818	0,808818	0,808818	0,808818	0,808818	0,808818	8,712203	9,649717	10,961046	
0,808818	0,808818	0,808818	0,808818	0,808818	0,808818	0,808818	3,288890	5,255510	8,712203	
0,808818	0,808818	0,808818	0,808818	0,808818	0,808818	0,808818	3,288890	5,255510	8,712203	
0,808818	0,808818	0,808818	0,808818	0,808818	0,808818	0,808818	0,808818	0,808818	0,808818	
0,808818	0,808818	0,808818	0,808818	0,808818	0,808818	0,808818	0,808818	0,808818	0,808818	
0,808818	0,808818	0,808818	0,808818	0,808818	0,808818	0,808818	3,413647	0,808818	11,114254	
0,808818	0,808818	0,808818	0,808818	0,808818	0,808818	0,808818	0,808818	3,413647	11,114254	
0,808818	0,808818	0,808818	0,808818	0,808818	0,808818	3,413647	0,808818	11,114254	11,114254	
0,808818	0,808818	0,808818	0,808818	0,808818	0,808818	0,808818	3,413647	11,114254	11,114254	
0,808818	0,808818	0,808818	0,808818	0,808818	0,808818	0,808818	11,114254	11,114254	11,114254	
0,808818	0,808818	0,808818	0,808818	0,808818	0,808818	0,808818	11,114254	11,114254	11,114254	
0,808818	0,808818	0,808818	0,808818	0,808818	0,808818	0,808818	11,114254	11,114254	11,114254	
0,808818	0,808818	0,808818	0,808818	0,808818	0,808818	0,808818	11,114254	11,114254	11,114254	
0,808818	0,808818	0,808818	0,808818	0,808818	0,808818	0,808818	0,808818	0,808818	5,440230	
0,808818	0,808818	0,808818	0,808818	0,808818	0,808818	0,808818	0,808818	0,808818	5,440230	
0,808818	0,808818	0,808818	0,808818	0,808818	0,808818	0,808818	0,808818	0,808818	0,808818	
0,808818	0,808818	0,808818	0,808818	0,808818	0,808818	0,808818	0,808818	0,808818	0,808818	
0,808818	0,808818	0,808818	0,808818	0,808818	0,808818	0,808818	0,808818	0,808818	0,808818	
0,808818	0,808818	0,808818	0,808818	0,808818	0,808818	0,808818	0,808818	0,808818	0,808818	
0,808818	0,808818	0,808818	0,808818	0,808818	0,808818	0,808818	0,808818	0,808818	0,808818	
0,808818	0,808818	0,808818	0,808818	0,808818	0,808818	0,808818	0,808818	0,808818	0,808818	
0,808818	0,808818	0,808818	0,808818	0,808818	0,808818	0,808818	0,808818	0,808818	0,808818	
0,808818	0,808818	0,808818	0,808818	0,808818	0,808818	0,808818	0,808818	0,808818	0,808818	
0,808818	0,808818	0,808818	0,808818	0,808818	0,808818	0,808818	0,808818	0,808818	10,125249	
0,808818	0,808818	0,808818	0,808818	0,808818	0,808818	0,808818	0,808818	0,808818	10,125249	
0,808818	0,808818	0,808818	0,808818	0,808818	4,125996	7,129158	7,638458	10,125249	10,125249	
0,808818	0,808818	0,808818	0,808818	0,808818	4,125996	7,129158	7,638458	10,125249	10,125249	
0,808818	0,808818	0,808818	0,808818	0,808818	4,125996	7,129158	10,125249	10,125249	10,125249	
0,808818	0,808818	0,808818	0,808818	0,808818	4,125996	7,129158	10,125249	10,125249	10,125249	
0,808818	0,808818	0,808818	0,808818	0,808818	0,808818	7,129158	10,125249	10,125249	10,125249	
0,808818	0,808818	0,808818	0,808818	0,808818	0,808818	7,129158	10,125249	10,125249	10,125249	
0,808818	0,808818	0,808818	0,808818	0,808818	0,808818	0,808818	0,808818	0,808818	10,125249	
0,808818	0,808818	0,808818	0,808818	0,808818	0,808818	0,808818	0,808818	0,808818	10,125249	
0,808818	0,808818	0,808818	0,808818	0,808818	0,808818	0,808818	0,808818	0,808818	9,068186	
0,808818	0,808818	0,808818	0,808818	0,808818	0,808818	0,808818	0,808818	0,808818	9,068186	
0,808818	0,808818	0,808818	0,808818	0,808818	0,808818	0,808818	0,808818	0,808818	0,808818	
0,808818	0,808818	0,808818	0,808818	0,808818	0,808818	0,808818	0,808818	0,808818	0,808818	
0,808818	0,808818	0,808818	0,808818	0,808818	0,808818	0,808818	0,808818	0,808818	5,693881	
0,808818	0,808818	0,808818	0,808818	0,808818	0,808818	0,808818	0,808818	0,808818	5,693881	
0,808818	0,808818	0,808818	0,808818	0,808818	0,808818	0,808818	0,808818	0,808818	5,693881	
0,808818	0,808818	0,808818	0,808818	0,808818	0,808818	0,808818	0,808818	0,808818	5,693881	
0,808818	0,808818	0,808818	0,808818	0,808818	0,808818	0,808818	0,808818	5,693881	8,380157	
0,808818	0,808818	0,808818	0,808818	0,808818	0,808818	0,808818	0,808818	5,693881	8,380157	
0,808818	0,808818	0,808818	0,808818	0,808818	0,808818	0,808818	0,808818	0,808818	0,808818	
0,808818	0,808818	0,808818	0,808818	0,808818	0,808818	0,808818	0,808818	0,808818	0,808818	
0,808818	0,808818	0,808818	0,808818	0,808818	0,808818	0,808818	0,808818	0,808818	0,808818	
0,808818	0,808818	0,808818	0,808818	0,808818	0,808818	0,808818	0,808818	0,808818	0,808818	
0,808818	0,808818	0,808818	0,808818	0,808818	0,808818	0,808818	0,808818	0,808818	7,441805	
0,808818	0,808818	0,808818	0,808818	0,808818	0,808818	0,808818	0,808818	0,808818	7,441805	
0,808818	0,808818	0,808818	0,808818	0,808818	0,808818	0,808818	0,808818	7,441805	7,441805	
0,808818	0,808818	0,808818	0,808818	0,808818	0,808818	0,808818	0,808818	7,441805	7,441805	
0,808818	0,808818	0,808818	0,808818	0,808818	0,808818	0,808818	2,983711	7,441805	7,441805	
0,808818	0,808818	0,808818	0,808818	0,808818	0,808818	0,808818	2,983711	7,441805	7,441805	
0,808818	0,808818	0,808818	0,808818	0,808818	0,808818	0,808818	0,808818	2,983711	7,441805	
0,808818	0,808818	0,808818	0,808818	0,808818	0,808818	0,808818	0,808818	2,983711	7,441805	
0,808818	0,808818	0,808818	0,808818	0,808818	0,808818	0,808818	0,808818	0,808818	0,808818	
0,808818	0,808818	0,808818	0,808818	0,808818	0,808818	0,808818	0,808818	0,808818	0,808818	
0,808818	0,808818	0,808818	0,808818	0,808818	0,808818	0,808818	0,808818	1,335970	0,808818	
0,808818	0,808818	0,808818	0,808818	0,808818	0,808818	0,808818	0,808818	0,808818	1,335970	
0,808818	0,808818	0,808818	0,808818	0,808818	0,808818	0,808818	0,808818	1,335970	0,808818	
0,808818	0,808818	0,808818	0,808818	0,808818	0,808818	0,808818	0,808818	0,808818	1,335970	
0,808818	0,808818	0,808818	0,808818	0,808818	0,808818	0,808818	0,808818	1,335970	0,808818	
0,808818	0,808818	0,808818	0,808818	0,808818	0,808818	0,808818	0,808818	0,808818	1,335970	
0,808818	0,808818	0,808818	0,808818	0,808818	0,808818	0,808818	1,335970	1,335970	0,808818	
0,808818	0,808818	0,808818	0,808818	0,808818	0,808818	0,808818	0,808818	1,335970	1,335970	
0,808818	0,808818	0,808818	0,808818	0,808818	0,808818	1,335970	3,078628	0,808818	7,336838	
0,808818	0,808818	0,808818	0,808818	0,808818	0,808818	0,808818	1,335970	3,078628	7,336838	
0,808818	0,808818	0,808818	0,808818	0,808818	0,808818	0,808818	0,808818	7,336838	7,336838	
0,808818	0,808818	0,808818	0,808818	0,808818	0,808818	0,808818	0,808818	7,336838	7,336838	
0,808818	0,808818	0,808818	0,808818	0,808818	0,808818	0,808818	0,808818	7,336838	9,068890	
0,808818	0,808818	0,808818	0,808818	0,808818	0,808818	0,808818	0,808818	7,336838	9,068890	
0,808818	0,808818	0,808818	0,808818	0,808818	0,808818	0,808818	0,808818	8,134682	9,068890	
0,808818	0,808818	0,808818	0,808818	0,808818	0,808818	0,808818	0,808818	8,134682	9,068890	
0,808818	0,808818	0,808818	0,808818	0,808818	0,808818	0,808818	0,808818	0,808818	9,068890	
0,808818	0,808818	0,808818	0,808818	0,808818	0,808818	0,808818	0,808818	0,808818	9,068890	
0,808818	0,808818	0,808818	0,808818	0,808818	0,808818	0,808818	0,808818	0,808818	0,808818	
0,808818	0,808818	0,808818	0,808818	0,808818	0,808818	0,808818	0,808818	0,808818	0,808818	
0,808818	0,808818	0,808818	0,808818	0,808818	0,808818	0,808818	0,808818	0,808818	11,197131	
0,808818	0,808818	0,808818	0,808818	0,808818	0,808818	0,808818	0,808818	0,808818	11,197131	
0,808818	0,808818	0,808818	0,808818	0,808818	0,808818	0,808818	0,808818	0,808818	8,195190	
0,808818	0,808818	0,808818	0,808818	0,808818	0,808818	0,808818	0,808818	0,808818	8,195190	
0,808818	0,808818	0,808818	0,808818	0,808818	0,808818	0,808818	0,808818	8,195190	8,195190	
0,808818	0,808818	0,808818	0,808818	0,808818	0,808818	0,808818	0,808818	8,195190	8,195190	
0,808818	0,808818	0,808818	0,808818	0,808818	0,808818	0,808818	0,808818	0,808818	8,195190	
0,808818	0,808818	0,808818	0,808818	0,808818	0,808818	0,808818	0,808818	0,808818	8,195190	
0,808818	0,808818	0,808818	0,808818	0,808818	0,808818	0,808818	0,808818	8,195190	8,195190	
0,808818	0,808818	0,808818	0,808818	0,808818	0,808818	0,808818	0,808818	8,195190	8,195190	
0,808818	0,808818	0,808818	0,808818	0,808818	0,808818	0,808818	0,808818	7,125663	8,989631	
0,808818	0,808818	0,808818	0,808818	0,808818	0,808818	0,808818	0,808818	7,125663	8,989631	
0,808818	0,808818	0,808818	0,808818	0,808818	0,808818	0,808818	0,808818	0,808818	0,808818	
0,808818	0,808818	0,808818	0,808818	0,808818	0,808818	0,808818	0,808818	0,808818	0,808818	
0,808818	0,808818	0,808818	0,808818	0,808818	0,808818	0,808818	0,808818	0,808818	0,808818	
0,808818	0,808818	0,808818	0,808818	0,808818	0,808818	0,808818	0,808818	0,808818	0,808818	
0,808818	0,808818	0,808818	0,808818	0,808818	0,808818	0,808818	0,808818	0,808818	0,808818	
0,808818	0,808818	0,808818	0,808818	0,808818	0,808818	0,808818	0,808818	0,808818	0,808818	
0,808818	0,808818	0,808818	0,808818	0,808818	0,808818	0,808818	0,808818	2,818596	0,808818	
0,808818	0,808818	0,808818	0,808818	0,808818	0,808818	0,808818	0,808818	0,808818	2,818596	
0,808818	0,808818	0,808818	0,808818	0,808818	0,808818	0,808818	0,808818	0,808818	0,808818	
0,808818	0,808818	0,808818	0,808818	0,808818	0,808818	0,808818	0,808818	0,808818	0,808818	
0,808818	0,808818	0,808818	0,808818	0,808818	0,808818	0,808818	0,808818	0,808818	0,808818	
0,808818	0,808818	0,808818	0,808818	0,808818	0,808818	0,808818	0,808818	0,808818	0,808818	
0,808818	0,808818	0,808818	0,808818	0,808818	0,808818	0,808818	0,808818	0,808818	0,808818	
0,808818	0,808818	0,808818	0,808818	0,808818	0,808818	0,808818	0,808818	0,808818	0,808818	
0,808818	0,808818	0,808818	0,808818	0,808818	0,808818	0,808818	0,808818	0,808818	0,808818	
